{"type":"FeatureCollection","features":[{"type":"Feature","properties":{"calle":"CARRETERA EN CORTS, 86"},"geometry":{"type":"Point","coordinates":[-0.3584530052973876,39.445800779787895]}},{"type":"Feature","properties":{"calle":"CARRETERA EN CORTS FRENTE AL 58"},"geometry":{"type":"Point","coordinates":[-0.35982400173141577,39.447746276738144]}},{"type":"Feature","properties":{"calle":"JESUS MORANTE BORRAS, 194"},"geometry":{"type":"Point","coordinates":[-0.3439109918404434,39.442054747761304]}},{"type":"Feature","properties":{"calle":"GRAN CANARIA (FRENTE N\u00ba 33)"},"geometry":{"type":"Point","coordinates":[-0.3291499909375198,39.48288345310326]}},{"type":"Feature","properties":{"calle":"PASEO MARITIMO/HISTORIADOR COLOMA--2\u00aa"},"geometry":{"type":"Point","coordinates":[-0.3245649933146064,39.470317839583906]}},{"type":"Feature","properties":{"calle":"PL GLORIA FUERTES (ESCRIPTORA)"},"geometry":{"type":"Point","coordinates":[-0.3707540033192034,39.491531370852364]}},{"type":"Feature","properties":{"calle":"TRAMO II CASA AGUA CESPED"},"geometry":{"type":"Point","coordinates":[-0.4013470114507113,39.4747428881667]}},{"type":"Feature","properties":{"calle":"TRES CAMINOS (PINEDO)"},"geometry":{"type":"Point","coordinates":[-0.3429979973558885,39.431640624573724]}},{"type":"Feature","properties":{"calle":"BULEVAR SUR - BARRACA AUSIAS MARCH 1"},"geometry":{"type":"Point","coordinates":[-0.37167000776736375,39.44525146436307]}},{"type":"Feature","properties":{"calle":"SAN FERNANDO / M\u00aa CRISTINA"},"geometry":{"type":"Point","coordinates":[-0.3774850068013891,39.473171233416736]}},{"type":"Feature","properties":{"calle":"PLAZA DEL MERCADO"},"geometry":{"type":"Point","coordinates":[-0.37922498535436144,39.47457122693957]}},{"type":"Feature","properties":{"calle":"ESCULTOR ALFONS GABINO"},"geometry":{"type":"Point","coordinates":[-0.346920995996591,39.47497558455403]}},{"type":"Feature","properties":{"calle":"GIMEMEZ Y COSTA / MOLI DE PALA (LA TORRE)"},"geometry":{"type":"Point","coordinates":[-0.3888219890297827,39.43458557031308]}},{"type":"Feature","properties":{"calle":"PARQUE OESTE FUENTE N\u00ba 6 ( retirada el 23-12-16 )"},"geometry":{"type":"Point","coordinates":[-0.39578801493415344,39.46605300780335]}},{"type":"Feature","properties":{"calle":"PLAZA DE HOLANDA"},"geometry":{"type":"Point","coordinates":[-0.3880020072948427,39.448345182838565]}},{"type":"Feature","properties":{"calle":"CEMENTERIO GENERAL SECC. 19-28"},"geometry":{"type":"Point","coordinates":[-0.3989810046624828,39.451293945114685]}},{"type":"Feature","properties":{"calle":"JARDIN PLAZA DE LA REINA"},"geometry":{"type":"Point","coordinates":[-0.37553501058701816,39.474624632493956]}},{"type":"Feature","properties":{"calle":"IGLESIA SAN AGUSTIN"},"geometry":{"type":"Point","coordinates":[-0.38039401077415996,39.46870422236193]}},{"type":"Feature","properties":{"calle":"TRAMO IV-V CASA JARDINERIA (MONTICULO)"},"geometry":{"type":"Point","coordinates":[-0.3871249852578133,39.47966384761615]}},{"type":"Feature","properties":{"calle":"ALMAZORA 60 (DETRAS) PLAZA MANUEL LAGUARDIA"},"geometry":{"type":"Point","coordinates":[-0.3693900111366221,39.48639678908591]}},{"type":"Feature","properties":{"calle":"CASAL JUVENTUD DE ROCAFORT"},"geometry":{"type":"Point","coordinates":[-0.4123120008440396,39.53458785995041]}},{"type":"Feature","properties":{"calle":"CEMENTERIO GENERAL SEC 20-1"},"geometry":{"type":"Point","coordinates":[-0.3986200087544989,39.44298171899335]}},{"type":"Feature","properties":{"calle":"HUMANISTA FURIO 1\u00aa (JARD\u00cd\u008dN AYORA)"},"geometry":{"type":"Point","coordinates":[-0.3445749881133715,39.46809387040126]}},{"type":"Feature","properties":{"calle":"GUILLEN DE ANGLESOLA- RAMIRO DE MAEZTU"},"geometry":{"type":"Point","coordinates":[-0.3452759978145153,39.46623229919954]}},{"type":"Feature","properties":{"calle":"PLAZA ALFONSO EL MAGNANIMO (PANTERRE)"},"geometry":{"type":"Point","coordinates":[-0.37072300850939144,39.47228622326091]}},{"type":"Feature","properties":{"calle":"AVDA. BLASCO IBA\u00d1EZ, 65"},"geometry":{"type":"Point","coordinates":[-0.34972700474201307,39.474819182806314]}},{"type":"Feature","properties":{"calle":"PLAZA SAN JERONIMO-MONTE CARMELO"},"geometry":{"type":"Point","coordinates":[-0.3745110035709026,39.497608183680775]}},{"type":"Feature","properties":{"calle":"HERMANOS MARISTAS (JUNTO PARQUE INFANTIL)"},"geometry":{"type":"Point","coordinates":[-0.36914700175260795,39.45125579787743]}},{"type":"Feature","properties":{"calle":"JESUS MORANTE BORRAS, 146"},"geometry":{"type":"Point","coordinates":[-0.34393700922284487,39.44422912426781]}},{"type":"Feature","properties":{"calle":"AVDA. BLASCO IBA\u00d1EZ, 158"},"geometry":{"type":"Point","coordinates":[-0.34271699254810967,39.472450255743055]}},{"type":"Feature","properties":{"calle":"SAN JUAN BOSCO-SANTIAGO RUSI\u00d1OR"},"geometry":{"type":"Point","coordinates":[-0.36931499871722484,39.49679183914274]}},{"type":"Feature","properties":{"calle":"FLORISTA-BON REGRES"},"geometry":{"type":"Point","coordinates":[-0.39284300857586907,39.490745543358344]}},{"type":"Feature","properties":{"calle":"JOS\u00c9 MART\u00cd (ESCRIPTOR)"},"geometry":{"type":"Point","coordinates":[-0.3745670018428559,39.43154144222167]}},{"type":"Feature","properties":{"calle":"CAMINO DEL POUET 1"},"geometry":{"type":"Point","coordinates":[-0.40389400666717884,39.48009872286539]}},{"type":"Feature","properties":{"calle":"JARDIN DE POLIFILO 2"},"geometry":{"type":"Point","coordinates":[-0.40471300510050023,39.49215316750118]}},{"type":"Feature","properties":{"calle":"EDUARDO SOLER PEREZ-PARQUE INTERIOR"},"geometry":{"type":"Point","coordinates":[-0.39904698657351645,39.47792053097006]}},{"type":"Feature","properties":{"calle":"TAMARINDOS/DR. LOPEZ IBOR"},"geometry":{"type":"Point","coordinates":[-0.4020009947150445,39.47639846740475]}},{"type":"Feature","properties":{"calle":"TAMARINDOS/MANUEL DE FALLA"},"geometry":{"type":"Point","coordinates":[-0.4018509989727307,39.475631712368376]}},{"type":"Feature","properties":{"calle":"ALFONS VERDEGUER (PARKING)"},"geometry":{"type":"Point","coordinates":[-0.38983899407652256,39.48541259676053]}},{"type":"Feature","properties":{"calle":"PARQUE DE MARCHALENES 6\u00aa ( HIGUERA ,JUNTO COLUMPIOS )"},"geometry":{"type":"Point","coordinates":[-0.383017002929729,39.488170622182274]}},{"type":"Feature","properties":{"calle":"CEMENTERIO GENERAL SEC 20-8"},"geometry":{"type":"Point","coordinates":[-0.4011830079657727,39.44403076058307]}},{"type":"Feature","properties":{"calle":"JARDIN DE PANACH N\u00ba 1- C/CAMPAMENTO BENIMAMET"},"geometry":{"type":"Point","coordinates":[-0.42393401364436484,39.50130843982107]}},{"type":"Feature","properties":{"calle":"ENTD ALQUERIA DE COCA"},"geometry":{"type":"Point","coordinates":[-0.3963400125151881,39.43630981337616]}},{"type":"Feature","properties":{"calle":"SOCIOPOLIS-DENTRO HUERTO ECOLOGICO"},"geometry":{"type":"Point","coordinates":[-0.39796000723059655,39.43228912269275]}},{"type":"Feature","properties":{"calle":"GASPAR AGUILAR FRENTE 11 (JARDIN ANTIGUO MANICOMIO)"},"geometry":{"type":"Point","coordinates":[-0.38907301410080924,39.45885848940925]}},{"type":"Feature","properties":{"calle":"GENERAL AVILES-FRANCISCO BARRACHINA"},"geometry":{"type":"Point","coordinates":[-0.3941949903579279,39.48635482667002]}},{"type":"Feature","properties":{"calle":"PLAZA LOPE DE VEGA"},"geometry":{"type":"Point","coordinates":[-0.37686398597321147,39.473812102285734]}},{"type":"Feature","properties":{"calle":"CON. LA PUNTA AL MAR 39 (NAZARET)"},"geometry":{"type":"Point","coordinates":[-0.339560001455865,39.44546508700279]}},{"type":"Feature","properties":{"calle":"CEMENTERIO GENERAL SECCION 3 IZ-CUADRO 3"},"geometry":{"type":"Point","coordinates":[-0.39765599378553584,39.446922301276246]}},{"type":"Feature","properties":{"calle":"CEMENTERIO GENERAL SEC 13"},"geometry":{"type":"Point","coordinates":[-0.40093100133706566,39.44729614164108]}},{"type":"Feature","properties":{"calle":"PAI MALILLA 1\u00aa-JUNTO ZONA CAN"},"geometry":{"type":"Point","coordinates":[-0.37428298558446804,39.44750595035842]}},{"type":"Feature","properties":{"calle":"CASAS DEL CONTELL (INT. COLEGIO)"},"geometry":{"type":"Point","coordinates":[-0.35349598412817046,39.46120071301143]}},{"type":"Feature","properties":{"calle":"PINTOR MAELLA / GARCIA BERLANGA"},"geometry":{"type":"Point","coordinates":[-0.34902900457549163,39.45789337058168]}},{"type":"Feature","properties":{"calle":"AVDA. BLASCO IBA\u00d1EZ FRENTE COLEGIO PILAR"},"geometry":{"type":"Point","coordinates":[-0.3533219991794157,39.47587585405062]}},{"type":"Feature","properties":{"calle":"POETA DURAN Y TORTAJADA, 2\u00aa-FRENTE N\u00ba6"},"geometry":{"type":"Point","coordinates":[-0.34531000161246256,39.472160338613904]}},{"type":"Feature","properties":{"calle":"PLAZA PINTOR GONZALO PERIS"},"geometry":{"type":"Point","coordinates":[-0.33930298681681936,39.468524931171636]}},{"type":"Feature","properties":{"calle":"PLAZA DE FRAY LUIS COLOMER"},"geometry":{"type":"Point","coordinates":[-0.35291299112834296,39.47885131696491]}},{"type":"Feature","properties":{"calle":"GUILLEN SOROYA - TORNO DEL HOSPITAL"},"geometry":{"type":"Point","coordinates":[-0.3820540007201084,39.47244262635187]}},{"type":"Feature","properties":{"calle":"PLAZA TAVERNES DE LA VALDIGNA - C/ SAN MIGUEL"},"geometry":{"type":"Point","coordinates":[-0.3804019988115971,39.47752761779942]}},{"type":"Feature","properties":{"calle":"TORRETA DE MIRAMAR"},"geometry":{"type":"Point","coordinates":[-0.3623380061430028,39.487995146361136]}},{"type":"Feature","properties":{"calle":"MASQUEFA, 5 / MUSICO BELANDO"},"geometry":{"type":"Point","coordinates":[-0.3594079909826297,39.487464903926195]}},{"type":"Feature","properties":{"calle":"MURTA, 5 (VIERNES NO)"},"geometry":{"type":"Point","coordinates":[-0.35886299581382897,39.48618316536628]}},{"type":"Feature","properties":{"calle":"MUSICO ESPI"},"geometry":{"type":"Point","coordinates":[-0.37386399495765843,39.49664306536293]}},{"type":"Feature","properties":{"calle":"ARQUITECTO RODRIGUEZ, 22"},"geometry":{"type":"Point","coordinates":[-0.37002098570078945,39.49306106540289]}},{"type":"Feature","properties":{"calle":"SAN VICENTE DE PAUL"},"geometry":{"type":"Point","coordinates":[-0.36782199148668193,39.493488310148145]}},{"type":"Feature","properties":{"calle":"PLAZA IGLESIA DE PINEDO"},"geometry":{"type":"Point","coordinates":[-0.3394379916394884,39.42215347270202]}},{"type":"Feature","properties":{"calle":"PLAZA GESTALGAR (BENIFERRI)"},"geometry":{"type":"Point","coordinates":[-0.40522798839240587,39.49639129584015]}},{"type":"Feature","properties":{"calle":"AVENIDA  DE LA ESTACION ( ESQUINA N\u00ba 43 )"},"geometry":{"type":"Point","coordinates":[-0.4233950073661754,39.50024032513619]}},{"type":"Feature","properties":{"calle":" MUSICO CHAPI 1\u00aa- JULIO ROMERO ( LA FONTETA )"},"geometry":{"type":"Point","coordinates":[-0.366156011944711,39.44501113824349]}},{"type":"Feature","properties":{"calle":"ALBOCACER, 25"},"geometry":{"type":"Point","coordinates":[-0.3641979990225654,39.48726272532681]}},{"type":"Feature","properties":{"calle":"PAI MALILLA 3\u00aa-JUNTO PARQUE INFANTIL"},"geometry":{"type":"Point","coordinates":[-0.375607997382821,39.44853591855189]}},{"type":"Feature","properties":{"calle":"PAI MALILLA 5\u00aa- JUNTO HUERTOS"},"geometry":{"type":"Point","coordinates":[-0.3753269903677011,39.44754791233607]}},{"type":"Feature","properties":{"calle":"PASEO MARITIMO 3\u00aa ( JUNTO DELFINES)"},"geometry":{"type":"Point","coordinates":[-0.3245860046629924,39.47460555960761]}},{"type":"Feature","properties":{"calle":"PLAZA LIBERTADOR SIMON BOLIVAR"},"geometry":{"type":"Point","coordinates":[-0.3272899986509443,39.47811889524049]}},{"type":"Feature","properties":{"calle":"INGENIERO FAUSTO ELIO-PZA. PINTOR VILLAR CORELLA (JARD\u00cdN 2"},"geometry":{"type":"Point","coordinates":[-0.33164200170785957,39.48299789329254]}},{"type":"Feature","properties":{"calle":"TONELEROS-PEZ"},"geometry":{"type":"Point","coordinates":[-0.33652099919341316,39.459983825018334]}},{"type":"Feature","properties":{"calle":"ISLA DE HIERRO-RIO JILOCA-( JARDIN )"},"geometry":{"type":"Point","coordinates":[-0.328258990906103,39.48262786846643]}},{"type":"Feature","properties":{"calle":"PLAZA IGLESIA DEL CARMEN"},"geometry":{"type":"Point","coordinates":[-0.37826099893902876,39.47927093453238]}},{"type":"Feature","properties":{"calle":"CARRER DE OSSET ( JARD\u00cdN )"},"geometry":{"type":"Point","coordinates":[-0.3294849991026091,39.475791929898406]}},{"type":"Feature","properties":{"calle":"C/ JOSE MARIA HARO (MAGISTRAT)"},"geometry":{"type":"Point","coordinates":[-0.33629699943256197,39.473399999292376]}},{"type":"Feature","properties":{"calle":"PLAZA DEL ESPARTO"},"geometry":{"type":"Point","coordinates":[-0.37979799625950444,39.47629928429707]}},{"type":"Feature","properties":{"calle":"JARDIN AYORA 2\u00aa"},"geometry":{"type":"Point","coordinates":[-0.3438070113380863,39.468147276978435]}},{"type":"Feature","properties":{"calle":"JARDIN MESTRE RIPOL (JARD\u00cdN)"},"geometry":{"type":"Point","coordinates":[-0.3385829921370892,39.472347258371535]}},{"type":"Feature","properties":{"calle":"ALBALAT DELS TARONGERS 2\u00aa"},"geometry":{"type":"Point","coordinates":[-0.35074999997975226,39.478767393601565]}},{"type":"Feature","properties":{"calle":"YECLA"},"geometry":{"type":"Point","coordinates":[-0.35062900249530854,39.47294235177614]}},{"type":"Feature","properties":{"calle":"TRAMO IV-V PTE ARTES (MONTICULO)Margen izquierda"},"geometry":{"type":"Point","coordinates":[-0.3840860135458709,39.48115157971193]}},{"type":"Feature","properties":{"calle":"ACTOR ENRIQUE RAMBAL"},"geometry":{"type":"Point","coordinates":[-0.3415789901850983,39.472656249779476]}},{"type":"Feature","properties":{"calle":"AVDA. VALLADOLID, 33"},"geometry":{"type":"Point","coordinates":[-0.35854798589351683,39.488815306816186]}},{"type":"Feature","properties":{"calle":"PLAZA SEGOVIA 8"},"geometry":{"type":"Point","coordinates":[-0.39097100499487303,39.44890975860993]}},{"type":"Feature","properties":{"calle":"MONSE\u00d1OR OSCAR ROMERO"},"geometry":{"type":"Point","coordinates":[-0.39112499286561925,39.445453642533366]}},{"type":"Feature","properties":{"calle":"TRES CRUCES - JARDIN WANGARI MAATHAI (PREMIO NOBEL)"},"geometry":{"type":"Point","coordinates":[-0.3996360010627447,39.45306014907322]}},{"type":"Feature","properties":{"calle":"TRAMO VIII ALAMEDA"},"geometry":{"type":"Point","coordinates":[-0.3670549991925449,39.474956512418856]}},{"type":"Feature","properties":{"calle":"ESTEBAN BALLESTER"},"geometry":{"type":"Point","coordinates":[-0.33673500976067544,39.471187589894086]}},{"type":"Feature","properties":{"calle":"CEMENTERIO GENERAL SECC. 16"},"geometry":{"type":"Point","coordinates":[-0.40140101237068354,39.449775695166494]}},{"type":"Feature","properties":{"calle":"ROTONDA AVD. FRANCIA / T. DE MONTA\u00d1ANA (1)"},"geometry":{"type":"Point","coordinates":[-0.35488998902981184,39.46068191367038]}},{"type":"Feature","properties":{"calle":"POLIDEPORTIVO DE NAZARET 2\u00aa"},"geometry":{"type":"Point","coordinates":[-0.3319270017901785,39.45063781654145]}},{"type":"Feature","properties":{"calle":"POLIDEPORTIVO DE NAZARET 3\u00aa"},"geometry":{"type":"Point","coordinates":[-0.3317140050931991,39.4514923090669]}},{"type":"Feature","properties":{"calle":"C/ JERONIMO MONSORIU FRENTE JARD\u00cd\u008dN DE AYORA"},"geometry":{"type":"Point","coordinates":[-0.34390100876285035,39.46650314203577]}},{"type":"Feature","properties":{"calle":"PASEO MARITIMO 3\u00aa (DELFINES)--2\u00aa"},"geometry":{"type":"Point","coordinates":[-0.32458901323783773,39.47462844796068]}},{"type":"Feature","properties":{"calle":"HISTORIADOR CLAUDIO SANCHEZ ALBORNOZ"},"geometry":{"type":"Point","coordinates":[-0.3523899907547537,39.47724914417973]}},{"type":"Feature","properties":{"calle":"JARDIN HOSPITAL GUILLEM DE CASTRO (CAPITULE)"},"geometry":{"type":"Point","coordinates":[-0.38257700136454653,39.47074890003886]}},{"type":"Feature","properties":{"calle":"PLAZA LUIS MARTI ALEGRE ( JARDIN )"},"geometry":{"type":"Point","coordinates":[-0.392461001493365,39.49861144980736]}},{"type":"Feature","properties":{"calle":"C/ QUART,109"},"geometry":{"type":"Point","coordinates":[-0.38897699157932025,39.474861144086574]}},{"type":"Feature","properties":{"calle":"PASEO ALAMEDA (CASILICIO)"},"geometry":{"type":"Point","coordinates":[-0.3662570117065206,39.476211546955746]}},{"type":"Feature","properties":{"calle":"CEMENTERIO GENERAL SECC. 19-5"},"geometry":{"type":"Point","coordinates":[-0.3973209859835164,39.45009231453013]}},{"type":"Feature","properties":{"calle":"CEMENTERIO GENERAL SECC.19-11"},"geometry":{"type":"Point","coordinates":[-0.39784398640943536,39.450305938419575]}},{"type":"Feature","properties":{"calle":"CEMENTERIO GENERAL SECC.19-36B"},"geometry":{"type":"Point","coordinates":[-0.3992829919648083,39.45158004660384]}},{"type":"Feature","properties":{"calle":"CEMENTERIO DEL GRAO 2"},"geometry":{"type":"Point","coordinates":[-0.34073400498974593,39.4552154533987]}},{"type":"Feature","properties":{"calle":"CEMENTERIO CABA\u00d1AL SEC. 3-5\u00aa"},"geometry":{"type":"Point","coordinates":[-0.3381749992973628,39.476486204465445]}},{"type":"Feature","properties":{"calle":"CEMENTERIO DE BENIMAMET, 4-1"},"geometry":{"type":"Point","coordinates":[-0.42365598614323124,39.506092070826824]}},{"type":"Feature","properties":{"calle":"PLAZA ESCULTOR VICTOR HINO"},"geometry":{"type":"Point","coordinates":[-0.3771519967805677,39.45211028916176]}},{"type":"Feature","properties":{"calle":"CEMENTERIO GENERAL SECC. 16"},"geometry":{"type":"Point","coordinates":[-0.4011029896475116,39.44967269818543]}},{"type":"Feature","properties":{"calle":"CEMENTERIO GENERAL SEC 4 DCHA"},"geometry":{"type":"Point","coordinates":[-0.39891299607819186,39.448738097877204]}},{"type":"Feature","properties":{"calle":"CEMENTERIO GENERAL SECC.9"},"geometry":{"type":"Point","coordinates":[-0.3999710081772157,39.44861602676419]}},{"type":"Feature","properties":{"calle":"BULEVAR SUR - BARRACA AUSIAS MARCH 2\u00aa - JUNTO HOSPITAL LA F"},"geometry":{"type":"Point","coordinates":[-0.3713240020632122,39.44473647987744]}},{"type":"Feature","properties":{"calle":"CARRETERA DEL PI (CASTELLAR)"},"geometry":{"type":"Point","coordinates":[-0.3617390088150845,39.4258537288488]}},{"type":"Feature","properties":{"calle":"CAMPANAR 51 (PADRE DIEGO MIRON)"},"geometry":{"type":"Point","coordinates":[-0.39332199131538553,39.47909545843403]}},{"type":"Feature","properties":{"calle":"DIPUTADO LUIS LUCIA 3"},"geometry":{"type":"Point","coordinates":[-0.3956229984922132,39.479354857374425]}},{"type":"Feature","properties":{"calle":"PLAZA PILOTA VALENCIANA-NAVARRO CABANES"},"geometry":{"type":"Point","coordinates":[-0.40051901292094216,39.47171783394321]}},{"type":"Feature","properties":{"calle":"ACTOR DANIEL BEN\u00cdTEZ"},"geometry":{"type":"Point","coordinates":[-0.4006130092088702,39.45767593324209]}},{"type":"Feature","properties":{"calle":"ESCULTOR PASTOR 1 (JARD\u00cdN)"},"geometry":{"type":"Point","coordinates":[-0.3672510084755811,39.44448471043029]}},{"type":"Feature","properties":{"calle":"JESUS MORANTE BORRAS, FRENTE 85 (JARD\u00cd\u008dN)"},"geometry":{"type":"Point","coordinates":[-0.34402000908050606,39.447475432786675]}},{"type":"Feature","properties":{"calle":"CEMENTERIO CABA\u00d1AL SEC. 1"},"geometry":{"type":"Point","coordinates":[-0.3379330038637428,39.47484970031529]}},{"type":"Feature","properties":{"calle":"CEMENTERIO CABA\u00d1AL SEC. 3-2\u00aa"},"geometry":{"type":"Point","coordinates":[-0.3377490048528397,39.47607421819074]}},{"type":"Feature","properties":{"calle":"JUAN VERDEGUER/JESUS DE MEDINACELI"},"geometry":{"type":"Point","coordinates":[-0.33760601332010703,39.459228514795]}},{"type":"Feature","properties":{"calle":"SANTA POLA (JARD\u00cdN NAZARET)"},"geometry":{"type":"Point","coordinates":[-0.33182701438633455,39.44681167599106]}},{"type":"Feature","properties":{"calle":"PLAZA PEDAGOGO PESTALOZZI (JARDIN)"},"geometry":{"type":"Point","coordinates":[-0.3652420053343523,39.457347869172175]}},{"type":"Feature","properties":{"calle":"PLAZA DEL AYUNTAMIENTO"},"geometry":{"type":"Point","coordinates":[-0.3765299907372725,39.47012329046489]}},{"type":"Feature","properties":{"calle":"PARQUE CABECERA N 1"},"geometry":{"type":"Point","coordinates":[-0.4067179856329225,39.47317886193557]}},{"type":"Feature","properties":{"calle":"PLAZA MUSICO CUESTA-GRABADOR JORDAN ( JARDIN )"},"geometry":{"type":"Point","coordinates":[-0.3682309977960055,39.4420623763965]}},{"type":"Feature","properties":{"calle":"FUENTE PODRIDA"},"geometry":{"type":"Point","coordinates":[-0.3281680052473897,39.463977813006395]}},{"type":"Feature","properties":{"calle":"JARDINES CASTILLO ENGUERA (LA TORRE)"},"geometry":{"type":"Point","coordinates":[-0.3930880121074494,39.435844421106204]}},{"type":"Feature","properties":{"calle":"C/ EP SECTOR LA TORRE F"},"geometry":{"type":"Point","coordinates":[-0.3936679994252686,39.43120499981455]}},{"type":"Feature","properties":{"calle":"CEMENTERIO GENERAL SECC. 19-16"},"geometry":{"type":"Point","coordinates":[-0.3984340134406213,39.450302122644054]}},{"type":"Feature","properties":{"calle":"AVDA. DEL CID 164"},"geometry":{"type":"Point","coordinates":[-0.414117991292939,39.46986770497692]}},{"type":"Feature","properties":{"calle":"PLAZA DOCTOR TORRENS (JARD\u00cd\u008dN)"},"geometry":{"type":"Point","coordinates":[-0.3648650038059258,39.457763671264004]}},{"type":"Feature","properties":{"calle":"HERMANOS MARISTAS ROTONDA GRAL URRUTIA"},"geometry":{"type":"Point","coordinates":[-0.3621140126527611,39.45458602783143]}},{"type":"Feature","properties":{"calle":" MUSICO CHAPI 2\u00aa- JULIO ROMERO ( LA FONTETA )"},"geometry":{"type":"Point","coordinates":[-0.3666279901588839,39.445232391109094]}},{"type":"Feature","properties":{"calle":"BULEVAR SUR - GASPAR AGUILAR 1"},"geometry":{"type":"Point","coordinates":[-0.39489200751097736,39.45014953499514]}},{"type":"Feature","properties":{"calle":"JARDIN PARKING PALAU 3"},"geometry":{"type":"Point","coordinates":[-0.4015749987238428,39.49840927056261]}},{"type":"Feature","properties":{"calle":"PLAZA POLICIA LOCAL"},"geometry":{"type":"Point","coordinates":[-0.4011360096872903,39.47908019991669]}},{"type":"Feature","properties":{"calle":"PASEO ALAMEDA (PTE ARAGON-CUARTELES)"},"geometry":{"type":"Point","coordinates":[-0.36227101126758715,39.47025299009073]}},{"type":"Feature","properties":{"calle":"TRES FORQUES/ ALFREDO CULLA"},"geometry":{"type":"Point","coordinates":[-0.3971689935742505,39.46409225360871]}},{"type":"Feature","properties":{"calle":"CARRETERA EN CORTS 119"},"geometry":{"type":"Point","coordinates":[-0.35760000319089646,39.44468688856607]}},{"type":"Feature","properties":{"calle":"CONDE TORREFIEL"},"geometry":{"type":"Point","coordinates":[-0.37688299985743184,39.495521544206525]}},{"type":"Feature","properties":{"calle":"PLAZA SAN JERONIMO-FRAY FRANCISCO CABEZAS"},"geometry":{"type":"Point","coordinates":[-0.3729259975908616,39.497325897312734]}},{"type":"Feature","properties":{"calle":"PL SANTA MARIA MAZZARELLO"},"geometry":{"type":"Point","coordinates":[-0.37318299896066764,39.492339999352886]}},{"type":"Feature","properties":{"calle":"CEMENTERIO GENERAL SECC.19-30"},"geometry":{"type":"Point","coordinates":[-0.39942100599024594,39.450084685893856]}},{"type":"Feature","properties":{"calle":"OTUMBA/AVDA. NEPTUNO"},"geometry":{"type":"Point","coordinates":[-0.3229709857582152,39.464424133122776]}},{"type":"Feature","properties":{"calle":"PL DOCTOR LORENZO DE LA FLOR"},"geometry":{"type":"Point","coordinates":[-0.33100999912996454,39.46939999916383]}},{"type":"Feature","properties":{"calle":"NICASIO BENLLOCH 118 (JARDIN FRENTE COLEGIO)"},"geometry":{"type":"Point","coordinates":[-0.3988870077132523,39.49375533949759]}},{"type":"Feature","properties":{"calle":"PARQUE BENICALAP"},"geometry":{"type":"Point","coordinates":[-0.39669498739462167,39.496253966247295]}},{"type":"Feature","properties":{"calle":"PASEO MARITIMO (FRENTE POLIDEPORTIVO)"},"geometry":{"type":"Point","coordinates":[-0.3245820111484485,39.47906494086634]}},{"type":"Feature","properties":{"calle":"PASEO MARITIMO (FRENTE PABELL\u00d3N MALVARROSA)"},"geometry":{"type":"Point","coordinates":[-0.32476198643948445,39.483257293003554]}},{"type":"Feature","properties":{"calle":"PASEO MARITIMO/PINTOR FERRANDIS"},"geometry":{"type":"Point","coordinates":[-0.32475000616155214,39.47177886814754]}},{"type":"Feature","properties":{"calle":"LEBON / AVDA. BALEARES (JARDIN) 2 -JUNTO COLUMPIOS"},"geometry":{"type":"Point","coordinates":[-0.3518159988121734,39.462478637448314]}},{"type":"Feature","properties":{"calle":"CEMENTERIO CABA\u00d1AL SEC. 3-1\u00aa"},"geometry":{"type":"Point","coordinates":[-0.3380869912351499,39.47582244723706]}},{"type":"Feature","properties":{"calle":"MUSICO GINES (PISTA FUTBITO)"},"geometry":{"type":"Point","coordinates":[-0.3423320053703469,39.471000670948946]}},{"type":"Feature","properties":{"calle":"CEMENTERIO GENERAL SEC 6 IZDA"},"geometry":{"type":"Point","coordinates":[-0.3980959950145709,39.445972441041185]}},{"type":"Feature","properties":{"calle":"PLAZA GRECO (BENIFARAIG)"},"geometry":{"type":"Point","coordinates":[-0.385583997157083,39.52869415187095]}},{"type":"Feature","properties":{"calle":"JARDINES DE MONFORTE 1"},"geometry":{"type":"Point","coordinates":[-0.36523899493193157,39.477905272520466]}},{"type":"Feature","properties":{"calle":"CEMENTERIO GENERAL SEC 3.DCHA"},"geometry":{"type":"Point","coordinates":[-0.39831900665140063,39.44867324763406]}},{"type":"Feature","properties":{"calle":"CEMENTERIO CABA\u00d1AL SEC. 5-6"},"geometry":{"type":"Point","coordinates":[-0.3390580116140802,39.47487640295629]}},{"type":"Feature","properties":{"calle":"CEMENTERIO CABA\u00d1AL SEC. 5-7"},"geometry":{"type":"Point","coordinates":[-0.3390449874065281,39.47468948327635]}},{"type":"Feature","properties":{"calle":"TRAMO XII ESTANQUE"},"geometry":{"type":"Point","coordinates":[-0.3578720084910691,39.46074294920293]}},{"type":"Feature","properties":{"calle":"TRAMO VI PTE. SERRANOS (FUTBOL)"},"geometry":{"type":"Point","coordinates":[-0.3760640022860926,39.48072433404557]}},{"type":"Feature","properties":{"calle":"TRAMO XII PUENTE NUEVO GULLIVER"},"geometry":{"type":"Point","coordinates":[-0.3592619906068782,39.46160888533022]}},{"type":"Feature","properties":{"calle":"CEMENTERIO GENERAL SEC 13"},"geometry":{"type":"Point","coordinates":[-0.4010950022093575,39.446876525709385]}},{"type":"Feature","properties":{"calle":"PLAZA JOSE MARIA GIMENEZ FAYOS 2\u00aa (PAI)- BENICALAP SUR"},"geometry":{"type":"Point","coordinates":[-0.386779993762787,39.49599456673405]}},{"type":"Feature","properties":{"calle":"JARDIN PLAZA IGLESIA (POBLE NOU)"},"geometry":{"type":"Point","coordinates":[-0.3826670043752128,39.50281143054362]}},{"type":"Feature","properties":{"calle":"CEMENTERIO BENIMAMET, 2"},"geometry":{"type":"Point","coordinates":[-0.42364400653642925,39.50649261379566]}},{"type":"Feature","properties":{"calle":"CEMENTERIO DEL PALMAR (LOS JUEVES)"},"geometry":{"type":"Point","coordinates":[-0.31822299942580967,39.321449278914095]}},{"type":"Feature","properties":{"calle":"XIPRERS"},"geometry":{"type":"Point","coordinates":[-0.4049989873561564,39.495212554121615]}},{"type":"Feature","properties":{"calle":"CEMENTERIO GENERAL SEC  JUNTO CREMATORIO"},"geometry":{"type":"Point","coordinates":[-0.3961009972014511,39.44931793110108]}},{"type":"Feature","properties":{"calle":"RIO SEGURA / HORNO ALCEDO"},"geometry":{"type":"Point","coordinates":[-0.37573999255423796,39.43194580009871]}},{"type":"Feature","properties":{"calle":"JARDIN SAINETERO ARNICHES"},"geometry":{"type":"Point","coordinates":[-0.4068759976229239,39.472229003481715]}},{"type":"Feature","properties":{"calle":"JULIO VERNE"},"geometry":{"type":"Point","coordinates":[-0.3916409902651079,39.450164794102086]}},{"type":"Feature","properties":{"calle":"SAN PIO IX PARQUE RAMBLETA -RETIRADA EL 18-02-2014"},"geometry":{"type":"Point","coordinates":[-0.392764002004281,39.44657134986563]}},{"type":"Feature","properties":{"calle":"C/ FILIPINAS"},"geometry":{"type":"Point","coordinates":[-0.3794939990962928,39.45727299974189]}},{"type":"Feature","properties":{"calle":"PARQUE OESTE FUENTE N\u00ba 3"},"geometry":{"type":"Point","coordinates":[-0.39592900866732655,39.467380522653194]}},{"type":"Feature","properties":{"calle":"CEMENTERIO GENERAL SECC. 19-18"},"geometry":{"type":"Point","coordinates":[-0.39856800550586247,39.450469969338755]}},{"type":"Feature","properties":{"calle":"PARQUE OESTE FUENTE N\u00ba 4"},"geometry":{"type":"Point","coordinates":[-0.3953579971029559,39.46636581405701]}},{"type":"Feature","properties":{"calle":"CEMENTERIO GENERAL SEC 13"},"geometry":{"type":"Point","coordinates":[-0.40027099901401236,39.446872710560605]}},{"type":"Feature","properties":{"calle":"PLAZA LA SAFOR"},"geometry":{"type":"Point","coordinates":[-0.39533999597860864,39.45972823978349]}},{"type":"Feature","properties":{"calle":"CTRA. BARCELONA (CASAS DE BARCENA N. 101)"},"geometry":{"type":"Point","coordinates":[-0.35738000214270615,39.52222442554468]}},{"type":"Feature","properties":{"calle":"JARD\u00cdN PINTOR PEDRO CABANES"},"geometry":{"type":"Point","coordinates":[-0.3813860121469227,39.4928398118755]}},{"type":"Feature","properties":{"calle":"PLAZA VICENTE A\u00d1\u2018ON MARCO"},"geometry":{"type":"Point","coordinates":[-0.3877289885987558,39.49477767804829]}},{"type":"Feature","properties":{"calle":"PLAZA CANONGE ROGER CHILLIDA"},"geometry":{"type":"Point","coordinates":[-0.38988599139277547,39.44551086397188]}},{"type":"Feature","properties":{"calle":"AVDA. BLASCO IBA\u00d1EZ, 118"},"geometry":{"type":"Point","coordinates":[-0.3471679993991195,39.47376632592154]}},{"type":"Feature","properties":{"calle":"CEMENTERIO GENERAL SECC.19-32"},"geometry":{"type":"Point","coordinates":[-0.3994509868528407,39.45109176636121]}},{"type":"Feature","properties":{"calle":"JESUS MORANTE BORRAS, 212"},"geometry":{"type":"Point","coordinates":[-0.3438819950498241,39.441318510493886]}},{"type":"Feature","properties":{"calle":"PAI MALILLA 2\u00aa"},"geometry":{"type":"Point","coordinates":[-0.3743419951133569,39.448215484034016]}},{"type":"Feature","properties":{"calle":"PLAZA SANTO DOMINGO DE GUZMAN (ENTRADA CEMENTERIO)"},"geometry":{"type":"Point","coordinates":[-0.3962000016607285,39.44713973935278]}},{"type":"Feature","properties":{"calle":"CEMENTERIO GENERAL, SEC. 19-50"},"geometry":{"type":"Point","coordinates":[-0.4010060132720904,39.44997024448268]}},{"type":"Feature","properties":{"calle":"TRAMO VI PTE. SAN JOSE (RAMPA)"},"geometry":{"type":"Point","coordinates":[-0.37948200149693917,39.481754301353526]}},{"type":"Feature","properties":{"calle":"TRAMO VI ZONA BEISBOL PATINES"},"geometry":{"type":"Point","coordinates":[-0.3787879938450935,39.48218917696864]}},{"type":"Feature","properties":{"calle":"TRAMO III PTE ADEMUZ PASEO"},"geometry":{"type":"Point","coordinates":[-0.39122700669939986,39.47732543888473]}},{"type":"Feature","properties":{"calle":"ARQUITECTO SEGURA DE LAGO/MARIANO DE CAVIA"},"geometry":{"type":"Point","coordinates":[-0.4018830060218708,39.45261382964219]}},{"type":"Feature","properties":{"calle":"PLAZA BANDAS DE MUSICA VALENCIA"},"geometry":{"type":"Point","coordinates":[-0.3587189919725597,39.45586776639707]}},{"type":"Feature","properties":{"calle":"HERMANOS MARISTAS (FTE. INSTITUTO)"},"geometry":{"type":"Point","coordinates":[-0.3637090034673669,39.45383834816603]}},{"type":"Feature","properties":{"calle":"CARRETERA DEL RIO 243"},"geometry":{"type":"Point","coordinates":[-0.3427140111705074,39.43149185151052]}},{"type":"Feature","properties":{"calle":"JARDINES DE CERVANTES"},"geometry":{"type":"Point","coordinates":[-0.3835470081440182,39.47811889539724]}},{"type":"Feature","properties":{"calle":"CASAS LABRANZA CAMPANAR 1\u00aa"},"geometry":{"type":"Point","coordinates":[-0.40814500964713407,39.483459472042526]}},{"type":"Feature","properties":{"calle":"JOAQUIM DUALDE"},"geometry":{"type":"Point","coordinates":[-0.3869499856255547,39.48807907041885]}},{"type":"Feature","properties":{"calle":"PARQUE OESTE FUENTE N 2"},"geometry":{"type":"Point","coordinates":[-0.39689999948841437,39.46763229215321]}},{"type":"Feature","properties":{"calle":"PLAZA SANT BULT"},"geometry":{"type":"Point","coordinates":[-0.3704909975711613,39.47504806430593]}},{"type":"Feature","properties":{"calle":"BERNAT DESCOLL (JARD\u00cdN)"},"geometry":{"type":"Point","coordinates":[-0.3781549928085115,39.45083236607874]}},{"type":"Feature","properties":{"calle":"PIANISTA AMPARO ITURBI / JUAN R. JIMENEZ"},"geometry":{"type":"Point","coordinates":[-0.3759709898916201,39.45455551043214]}},{"type":"Feature","properties":{"calle":"ESCULTOR PASTOR 2 (JARDIN)"},"geometry":{"type":"Point","coordinates":[-0.3669179979453558,39.443889617326455]}},{"type":"Feature","properties":{"calle":"PEDRO ALEIXANDRE / FINESTRAT"},"geometry":{"type":"Point","coordinates":[-0.3618179855996413,39.459842681412574]}},{"type":"Feature","properties":{"calle":"C/ GRANADA"},"geometry":{"type":"Point","coordinates":[-0.3643620010634271,39.458621977958806]}},{"type":"Feature","properties":{"calle":"JESUS MORANTE BORRAS, 80"},"geometry":{"type":"Point","coordinates":[-0.3440349996857567,39.44838714489259]}},{"type":"Feature","properties":{"calle":"JARD\u00cdN REMONTA"},"geometry":{"type":"Point","coordinates":[-0.330608010653301,39.47498702904347]}},{"type":"Feature","properties":{"calle":"POLIDEPORTIVO DE NAZARET 1\u00aa"},"geometry":{"type":"Point","coordinates":[-0.3320879936080168,39.449802397623664]}},{"type":"Feature","properties":{"calle":"JARDIN VIRGEN DEL CASTILLO DENTRO PARQUE INFANTIL"},"geometry":{"type":"Point","coordinates":[-0.32700800878693176,39.46675872784464]}},{"type":"Feature","properties":{"calle":"CAMPOAMOR/ DOCTOR MANUEL CANDELA"},"geometry":{"type":"Point","coordinates":[-0.3494170007229353,39.47152328476918]}},{"type":"Feature","properties":{"calle":"AVDA. BLASCO IBA\u00d1EZ, 128"},"geometry":{"type":"Point","coordinates":[-0.3458819982171675,39.47338104166148]}},{"type":"Feature","properties":{"calle":"PINTOR FERRER CALATAYUD"},"geometry":{"type":"Point","coordinates":[-0.3370560106872268,39.467338561720496]}},{"type":"Feature","properties":{"calle":"POETA DURAN Y TORTAJADA, 20 (JARDIN)"},"geometry":{"type":"Point","coordinates":[-0.3432799873917274,39.471645354580424]}},{"type":"Feature","properties":{"calle":"CEMENTERIO GENERAL SEC. 1 DCHA"},"geometry":{"type":"Point","coordinates":[-0.397412001148392,39.447536468085005]}},{"type":"Feature","properties":{"calle":"PLAZA LUIS CANO (BENIMAMET)"},"geometry":{"type":"Point","coordinates":[-0.4185529946257067,39.50152206300935]}},{"type":"Feature","properties":{"calle":"PERIODISTA  MATOSES, 13-CASTELLAR"},"geometry":{"type":"Point","coordinates":[-0.36493301321248284,39.423778532382116]}},{"type":"Feature","properties":{"calle":"FERNANDO EL CATOLICO-JESUS"},"geometry":{"type":"Point","coordinates":[-0.38280600291208183,39.46717071423093]}},{"type":"Feature","properties":{"calle":"BARRIO FERROBUS(C/ARTURO BALLESTER FRENTE N\u00ba2)"},"geometry":{"type":"Point","coordinates":[-0.4037849897997091,39.48369979761332]}},{"type":"Feature","properties":{"calle":"CARRETERA D'EN CORTS 178"},"geometry":{"type":"Point","coordinates":[-0.35614499539163785,39.44132232598452]}},{"type":"Feature","properties":{"calle":"PAI MALILLA  4\u00aa"},"geometry":{"type":"Point","coordinates":[-0.37585800863136243,39.44920349032063]}},{"type":"Feature","properties":{"calle":"TRAMO XII DENTRO GULLIVER"},"geometry":{"type":"Point","coordinates":[-0.3589639959903138,39.46224593995588]}},{"type":"Feature","properties":{"calle":"D' ASPIROZ (FRENTE N\u00ba 19)  (MASARROCHOS)"},"geometry":{"type":"Point","coordinates":[-0.40623500933612233,39.54041290186067]}},{"type":"Feature","properties":{"calle":"C/ YA\u00d1EZ DE LA ALMEDINA"},"geometry":{"type":"Point","coordinates":[-0.33440000013729626,39.4753799987688]}},{"type":"Feature","properties":{"calle":"PLATERO SUAREZ /CALLE SAGUNTO"},"geometry":{"type":"Point","coordinates":[-0.37407299938987454,39.4851989747106]}},{"type":"Feature","properties":{"calle":"MANUELA ESTELLES"},"geometry":{"type":"Point","coordinates":[-0.3345890046150719,39.47195434499888]}},{"type":"Feature","properties":{"calle":"CEMENTERIO GENERAL SEC 11"},"geometry":{"type":"Point","coordinates":[-0.4003550113987505,39.44816970764176]}},{"type":"Feature","properties":{"calle":" "},"geometry":{"type":"Point","coordinates":[-0.4172779925115796,39.50183486893078]}},{"type":"Feature","properties":{"calle":"JOSE SENENT IBA\u00d1EZ (MASARROCHOS)"},"geometry":{"type":"Point","coordinates":[-0.4051319953755909,39.53998947017792]}},{"type":"Feature","properties":{"calle":"ECONOMISTA GAY N\u00ba 5"},"geometry":{"type":"Point","coordinates":[-0.37649101043043304,39.48973464919903]}},{"type":"Feature","properties":{"calle":"REAL DE GANDIA"},"geometry":{"type":"Point","coordinates":[-0.3543690144342647,39.48645019458757]}},{"type":"Feature","properties":{"calle":"LAGO ARTIFICIAL DEL SALER 2"},"geometry":{"type":"Point","coordinates":[-0.31716299045504787,39.3483390806915]}},{"type":"Feature","properties":{"calle":"PLAYA ARBRE DEL GOS 3\u00aa FINAL PASEO"},"geometry":{"type":"Point","coordinates":[-0.33073499766250664,39.40149307214272]}},{"type":"Feature","properties":{"calle":"CIRILO AMOROS / JORGE JUAN"},"geometry":{"type":"Point","coordinates":[-0.36875098900938946,39.468334196967334]}},{"type":"Feature","properties":{"calle":"JARD\u00cdN DE LAS HESPERIDES 1"},"geometry":{"type":"Point","coordinates":[-0.3880729973329197,39.477165221961364]}},{"type":"Feature","properties":{"calle":"CASAS LABRANZA CAMPANAR 2\u00aa"},"geometry":{"type":"Point","coordinates":[-0.40834900642404176,39.48413848831426]}},{"type":"Feature","properties":{"calle":"CAMINO POUET 2"},"geometry":{"type":"Point","coordinates":[-0.40496298686088156,39.47935104251524]}},{"type":"Feature","properties":{"calle":"AVDA GIORGETA JARDIN"},"geometry":{"type":"Point","coordinates":[-0.3861550088230144,39.46013259766868]}},{"type":"Feature","properties":{"calle":"VIVEROS ESTANQUE PATOS"},"geometry":{"type":"Point","coordinates":[-0.369414984193894,39.47884368798581]}},{"type":"Feature","properties":{"calle":"VIVEROS FACHADA OFICINA"},"geometry":{"type":"Point","coordinates":[-0.36797899024282893,39.4785613996597]}},{"type":"Feature","properties":{"calle":"CEMENTERIO GENERAL SECC.19-9"},"geometry":{"type":"Point","coordinates":[-0.39768800086966444,39.45009612983665]}},{"type":"Feature","properties":{"calle":"CEMENTERIO GENERAL SECC.19-22"},"geometry":{"type":"Point","coordinates":[-0.3988499936529596,39.45008849982862]}},{"type":"Feature","properties":{"calle":"CEMENTERIO GENERAL SEC 20-14"},"geometry":{"type":"Point","coordinates":[-0.39814999606060797,39.443328856061555]}},{"type":"Feature","properties":{"calle":"ROTONDA AVDA. FRANCIA/T. DE MONTA\u00d1ANA (2)"},"geometry":{"type":"Point","coordinates":[-0.3544619980629522,39.46055984402374]}},{"type":"Feature","properties":{"calle":"ALBALAT DELS TARONGERS, 4\u00aa ( DETRAS DE UNIVERSIDAD )"},"geometry":{"type":"Point","coordinates":[-0.3431909973655306,39.476387023126144]}},{"type":"Feature","properties":{"calle":"PLAZA ARTURO PIERA"},"geometry":{"type":"Point","coordinates":[-0.3947309844855858,39.4700660694385]}},{"type":"Feature","properties":{"calle":"CEMENTERIO BENIMAMET, 4-3"},"geometry":{"type":"Point","coordinates":[-0.4240410031331934,39.506225584300196]}},{"type":"Feature","properties":{"calle":"PLAZA DE HONDURAS 1\u00aa"},"geometry":{"type":"Point","coordinates":[-0.34218499156065524,39.473510740954474]}},{"type":"Feature","properties":{"calle":"Carrer dels Poetes Anonims--Angel Guardia Cortes"},"geometry":{"type":"Point","coordinates":[-0.3546690042899037,39.487552642130744]}},{"type":"Feature","properties":{"calle":"MARQUES DE MONTORTAL / MESTRE MARC\u2021AL"},"geometry":{"type":"Point","coordinates":[-0.37531700750062186,39.49364852786008]}},{"type":"Feature","properties":{"calle":"PARQUE DE BENICALAP 2"},"geometry":{"type":"Point","coordinates":[-0.39768698791877144,39.49806213264524]}},{"type":"Feature","properties":{"calle":"PLAZA MORERAL SIVER (BORBOTO)"},"geometry":{"type":"Point","coordinates":[-0.39078000226532994,39.51565551693828]}},{"type":"Feature","properties":{"calle":"PINTOR PEYRO / ALAMEDA"},"geometry":{"type":"Point","coordinates":[-0.36486399251096024,39.47479248009436]}},{"type":"Feature","properties":{"calle":"PLAZA ALFREDO CANDEL (CHILE)"},"geometry":{"type":"Point","coordinates":[-0.35637700581235526,39.470703124321965]}},{"type":"Feature","properties":{"calle":"JARDIN AYORA 1"},"geometry":{"type":"Point","coordinates":[-0.34385898748349325,39.46711730846805]}},{"type":"Feature","properties":{"calle":"PUEBLA FARNALS / MANUEL CANDELA, 34"},"geometry":{"type":"Point","coordinates":[-0.3500770024968854,39.46848297053777]}},{"type":"Feature","properties":{"calle":"CALLE GORGOS JUNTO COLEGIO DEL PILAR"},"geometry":{"type":"Point","coordinates":[-0.3541109863120086,39.477333067703064]}},{"type":"Feature","properties":{"calle":"PINTOR MAELLA 2\u00aa BASKET"},"geometry":{"type":"Point","coordinates":[-0.34733399761908834,39.46007537748568]}},{"type":"Feature","properties":{"calle":"CAROLINA ALVAREZ-TRAFALGAR (JARDIN)"},"geometry":{"type":"Point","coordinates":[-0.3451910008724113,39.460590361737424]}},{"type":"Feature","properties":{"calle":"PLAZA DE HONDURAS 2\u00aa"},"geometry":{"type":"Point","coordinates":[-0.3442640002099724,39.474098204511414]}},{"type":"Feature","properties":{"calle":"JARDIN DOCTOR MODESTO COGOLLO"},"geometry":{"type":"Point","coordinates":[-0.3516890115623261,39.47450256289651]}},{"type":"Feature","properties":{"calle":"AVDA. BLASCO IBA\u00d1EZ, 96"},"geometry":{"type":"Point","coordinates":[-0.35000500025418557,39.47430419859288]}},{"type":"Feature","properties":{"calle":"CEMENTERIO CABA\u00d1AL SEC. 2"},"geometry":{"type":"Point","coordinates":[-0.3376449939011652,39.475738524616816]}},{"type":"Feature","properties":{"calle":"CAMPOAMOR N\u00ba 102"},"geometry":{"type":"Point","coordinates":[-0.341749994835322,39.469505309011055]}},{"type":"Feature","properties":{"calle":"PARKING EXPLORADOR ANDRES 1\u00aa-C/ DE LA ACTRIZ ..."},"geometry":{"type":"Point","coordinates":[-0.34620898994020616,39.47234725911565]}},{"type":"Feature","properties":{"calle":"C/ MORELLA"},"geometry":{"type":"Point","coordinates":[-0.37976700009624803,39.47805199840161]}},{"type":"Feature","properties":{"calle":"TRAMO VII JARDIN CAPITANIA"},"geometry":{"type":"Point","coordinates":[-0.36722299395175334,39.474361419493704]}},{"type":"Feature","properties":{"calle":"MASQUEFA / EMILIO BARO"},"geometry":{"type":"Point","coordinates":[-0.3586100035498094,39.491687773983685]}},{"type":"Feature","properties":{"calle":"PLAZA DE HONDURAS 3\u00aa"},"geometry":{"type":"Point","coordinates":[-0.345434010027086,39.47370529118396]}},{"type":"Feature","properties":{"calle":"PLAZA DEL CEDRO (JARDIN)"},"geometry":{"type":"Point","coordinates":[-0.346855015235157,39.47158431889]}},{"type":"Feature","properties":{"calle":"PLAZA JOAQUIN MU\u00d1OZ PEIRATS 1"},"geometry":{"type":"Point","coordinates":[-0.3951179978157639,39.486995695776706]}},{"type":"Feature","properties":{"calle":"AV ECUADOR (JARDIN FRENTE 51)"},"geometry":{"type":"Point","coordinates":[-0.3888339990440841,39.49373626583254]}},{"type":"Feature","properties":{"calle":"C/ DOCTOR ROYO VILANOVA"},"geometry":{"type":"Point","coordinates":[-0.3913699993313612,39.44387599931921]}},{"type":"Feature","properties":{"calle":"LAGO ARTIFICIAL DEL SALER 1"},"geometry":{"type":"Point","coordinates":[-0.3169409932288566,39.3473052970343]}},{"type":"Feature","properties":{"calle":"GABRIEL MIRO / JUAN LLORENS"},"geometry":{"type":"Point","coordinates":[-0.3909870081920343,39.472221374021316]}},{"type":"Feature","properties":{"calle":"C/ PEDRO DE LUNA"},"geometry":{"type":"Point","coordinates":[-0.390119999971203,39.434683999367174]}},{"type":"Feature","properties":{"calle":"CEMENTERIO GENERAL SECC. 19-1"},"geometry":{"type":"Point","coordinates":[-0.39656698735015905,39.449993132951676]}},{"type":"Feature","properties":{"calle":"C/ MUSICO GINES"},"geometry":{"type":"Point","coordinates":[-0.3429980000996369,39.47047199877128]}},{"type":"Feature","properties":{"calle":"CEMENTERIO GENERAL SECC. 19-47"},"geometry":{"type":"Point","coordinates":[-0.40043801053453276,39.45093154871162]}},{"type":"Feature","properties":{"calle":"MOSEN RAUSELL 33"},"geometry":{"type":"Point","coordinates":[-0.40082100116790187,39.48315811013606]}},{"type":"Feature","properties":{"calle":"JARDIN CALLE GUARDIA CIVIL"},"geometry":{"type":"Point","coordinates":[-0.3572140036882692,39.482009887095465]}},{"type":"Feature","properties":{"calle":"PLAZA CAPITANES GALAN Y GARCIA HERNANDEZ"},"geometry":{"type":"Point","coordinates":[-0.3576940003003479,39.49197387594808]}},{"type":"Feature","properties":{"calle":"EMILIO BARO-REVERENDO RAFAEL TRAMOYERES"},"geometry":{"type":"Point","coordinates":[-0.3618969912682845,39.4853248593473]}},{"type":"Feature","properties":{"calle":"AMPARO ARCE MIRALLES (ACTIVISTA VE\u00cfNAL)"},"geometry":{"type":"Point","coordinates":[-0.3581849996148935,39.489600999165816]}},{"type":"Feature","properties":{"calle":"TRAMO X-XI PTE ARAGON"},"geometry":{"type":"Point","coordinates":[-0.36313599318336104,39.46770858614492]}},{"type":"Feature","properties":{"calle":"HORTICULTOR CORSET 2\u00aa"},"geometry":{"type":"Point","coordinates":[-0.3930209869744014,39.473213195049134]}},{"type":"Feature","properties":{"calle":"TURIA N\u00ba 3"},"geometry":{"type":"Point","coordinates":[-0.38526600607594375,39.47417831275391]}},{"type":"Feature","properties":{"calle":"PLAZA DE BADAJOZ 5"},"geometry":{"type":"Point","coordinates":[-0.39926698861399684,39.481487272790886]}},{"type":"Feature","properties":{"calle":"PARQUE MARCHALENES 2\u00aa ( FRENTE IVADIS )"},"geometry":{"type":"Point","coordinates":[-0.3808479901673368,39.48712158142821]}},{"type":"Feature","properties":{"calle":"PASEO ALAMEDA (FRENTE PISCINA)"},"geometry":{"type":"Point","coordinates":[-0.3642129896649712,39.47266769304159]}},{"type":"Feature","properties":{"calle":"JARDIN CASTAN TOBE\u00d1AS"},"geometry":{"type":"Point","coordinates":[-0.4034430089849753,39.47303390425285]}},{"type":"Feature","properties":{"calle":"PLAZA ZUMALACARREGUI"},"geometry":{"type":"Point","coordinates":[-0.41068801243579117,39.46857833743532]}},{"type":"Feature","properties":{"calle":"FRAY JUNIPERO SERRA (FRENTE N\u00ba 52- JUNTO GASOLINERA)"},"geometry":{"type":"Point","coordinates":[-0.4001249969372764,39.46104812477445]}},{"type":"Feature","properties":{"calle":"JARD\u00cd\u008dN CRONISTA FRANCISCO MONTBLACH"},"geometry":{"type":"Point","coordinates":[-0.3275510065157232,39.4771423334394]}},{"type":"Feature","properties":{"calle":"CALLE CONDE PESTAGUA (JARDIN)"},"geometry":{"type":"Point","coordinates":[-0.3326480084749756,39.461830138457174]}},{"type":"Feature","properties":{"calle":"PLAZA EMILI BEUT I\u008d BERENGUER"},"geometry":{"type":"Point","coordinates":[-0.3568840032419659,39.4893798818649]}},{"type":"Feature","properties":{"calle":"PLAZA JOAQUIN MU\u00d1OZ PEIRATS, 2"},"geometry":{"type":"Point","coordinates":[-0.39407101233338904,39.48748016269389]}},{"type":"Feature","properties":{"calle":"TRAMO XII FINAL PASEO GULLIVER"},"geometry":{"type":"Point","coordinates":[-0.3586130141616349,39.460018157567156]}},{"type":"Feature","properties":{"calle":"CEMENTERIO GENERAL SECC.19-7"},"geometry":{"type":"Point","coordinates":[-0.3975299885271513,39.450508117034886]}},{"type":"Feature","properties":{"calle":"CEMENTERIO GENERAL SEC 11"},"geometry":{"type":"Point","coordinates":[-0.4008910058666244,39.44778442293538]}},{"type":"Feature","properties":{"calle":"PARQUE BENICALAP CAMPO FUTBOL"},"geometry":{"type":"Point","coordinates":[-0.3953120100411046,39.49710464359818]}},{"type":"Feature","properties":{"calle":"INTERIOR JARD\u00cdN NAZARET"},"geometry":{"type":"Point","coordinates":[-0.3326190108025216,39.44407653724249]}},{"type":"Feature","properties":{"calle":"PASEO MARITIMO 2-JUNTO CASA ZARAGOZA"},"geometry":{"type":"Point","coordinates":[-0.32444399695022,39.477058409647384]}},{"type":"Feature","properties":{"calle":"PLAZA XUQUER (JARDIN)"},"geometry":{"type":"Point","coordinates":[-0.3503180143764578,39.47636031979951]}},{"type":"Feature","properties":{"calle":"PASEO DE LAS FACULTADES"},"geometry":{"type":"Point","coordinates":[-0.3474940050254087,39.478061675032656]}},{"type":"Feature","properties":{"calle":"ALBALAT DELS TARONGERS 3\u00aa"},"geometry":{"type":"Point","coordinates":[-0.3493280108117704,39.478595733645555]}},{"type":"Feature","properties":{"calle":"MUSICO MARTINEZ COLL"},"geometry":{"type":"Point","coordinates":[-0.3544979992686023,39.48542785566255]}},{"type":"Feature","properties":{"calle":"ALQUERIA DE BELLVER"},"geometry":{"type":"Point","coordinates":[-0.39831599628422565,39.49478530853602]}},{"type":"Feature","properties":{"calle":"PLAZA S. BENITO (MAUELLA)"},"geometry":{"type":"Point","coordinates":[-0.33390599557158257,39.54421615557193]}},{"type":"Feature","properties":{"calle":"PLAZA NAPOLES Y SICILIA"},"geometry":{"type":"Point","coordinates":[-0.3729479907678017,39.47523116938104]}},{"type":"Feature","properties":{"calle":"VICENTE BALDOVI"},"geometry":{"type":"Point","coordinates":[-0.31793799903998676,39.314064025272394]}},{"type":"Feature","properties":{"calle":"JESUS MORANTE BORRAS, 112 (JARDIN)"},"geometry":{"type":"Point","coordinates":[-0.3438439971414515,39.44619369427186]}},{"type":"Feature","properties":{"calle":"PLAZA MARIANO BENLLIURE"},"geometry":{"type":"Point","coordinates":[-0.37608501307092645,39.47261428765489]}},{"type":"Feature","properties":{"calle":"C/ FILIPINAS"},"geometry":{"type":"Point","coordinates":[-0.37793600117218074,39.4590749989376]}},{"type":"Feature","properties":{"calle":"MERCADO DEL GRAO 2\u00aa"},"geometry":{"type":"Point","coordinates":[-0.33456298650022287,39.46162414532981]}},{"type":"Feature","properties":{"calle":"POETA ANDRES CABRELLES (JARDIN)"},"geometry":{"type":"Point","coordinates":[-0.341008990561649,39.471324920243546]}},{"type":"Feature","properties":{"calle":"ARABISTA AMBROSIO HUICI"},"geometry":{"type":"Point","coordinates":[-0.36322599658565335,39.45491027749565]}},{"type":"Feature","properties":{"calle":"CEMENTERIO GENERAL SECC. 12"},"geometry":{"type":"Point","coordinates":[-0.40111899334182377,39.44888305580775]}},{"type":"Feature","properties":{"calle":"C/ YA\u00d1EZ DE LA ALMEDINA"},"geometry":{"type":"Point","coordinates":[-0.33504999968345245,39.47601999975311]}},{"type":"Feature","properties":{"calle":"CAMINO DEL CAMINOT, 85"},"geometry":{"type":"Point","coordinates":[-0.3444559868606704,39.44465255624849]}},{"type":"Feature","properties":{"calle":"PROLONGACI\u00d3N JARD\u00cdN AVDA. DR. WAKSMAN"},"geometry":{"type":"Point","coordinates":[-0.3713369970788005,39.45569610512724]}},{"type":"Feature","properties":{"calle":"PLAZA SANTA URSULA"},"geometry":{"type":"Point","coordinates":[-0.38352900753383196,39.47584152067285]}},{"type":"Feature","properties":{"calle":"INGENIERO JOSE SIRERA 30"},"geometry":{"type":"Point","coordinates":[-0.3909080024019054,39.44673919553278]}},{"type":"Feature","properties":{"calle":"CEMENTERIO CABA\u00d1AL SEC. 4-1\u00aa"},"geometry":{"type":"Point","coordinates":[-0.33819299987749196,39.476577758177704]}},{"type":"Feature","properties":{"calle":"CEMENTERIO CABA\u00d1AL SEC. 5-9"},"geometry":{"type":"Point","coordinates":[-0.3384160100738612,39.47451782223147]}},{"type":"Feature","properties":{"calle":"CEMENTERIO CABA\u00d1AL.SEC. 5-13"},"geometry":{"type":"Point","coordinates":[-0.3381620057056384,39.47483444135765]}},{"type":"Feature","properties":{"calle":"PL SAN SEBASTIAN"},"geometry":{"type":"Point","coordinates":[-0.3865819997998638,39.475292999275105]}},{"type":"Feature","properties":{"calle":"PLAZA PEDAGOGA RAQUEL PAYA"},"geometry":{"type":"Point","coordinates":[-0.3728730085677302,39.45749282737738]}},{"type":"Feature","properties":{"calle":"DIPUTADO MOLINA CONEJERO"},"geometry":{"type":"Point","coordinates":[-0.3720729948780705,39.45041656398886]}},{"type":"Feature","properties":{"calle":"CARRERA MALILLA - BULEVAR SUR"},"geometry":{"type":"Point","coordinates":[-0.38040998514383667,39.4460487357974]}},{"type":"Feature","properties":{"calle":"AVDA LA PLATA (JUNTO MUSEO FALLERO)"},"geometry":{"type":"Point","coordinates":[-0.35853499147617374,39.45886993340442]}},{"type":"Feature","properties":{"calle":"PLAZA IGLESIA DE LOS ANGELES"},"geometry":{"type":"Point","coordinates":[-0.3317840099672135,39.47236251683931]}},{"type":"Feature","properties":{"calle":"FONTILLES"},"geometry":{"type":"Point","coordinates":[-0.3333410017548098,39.449623107859004]}},{"type":"Feature","properties":{"calle":"PLAZA ARMADA ESPA\u00d1OLA (JUNTO AL N\u00ba 1- FARMACIA)"},"geometry":{"type":"Point","coordinates":[-0.3299989986083111,39.46324920592677]}},{"type":"Feature","properties":{"calle":"PLAZA DE PERE II EL CEREMONIOSO ( LEBON )"},"geometry":{"type":"Point","coordinates":[-0.3494360154754925,39.46257400382321]}},{"type":"Feature","properties":{"calle":"ENTRADA VI\u00d1ERO (CASTELLAR)"},"geometry":{"type":"Point","coordinates":[-0.370608002557026,39.42832565248864]}},{"type":"Feature","properties":{"calle":"ADOR, DE CASTELLAR"},"geometry":{"type":"Point","coordinates":[-0.3613609966861699,39.43202209439255]}},{"type":"Feature","properties":{"calle":"ROCIO /PASTOR AYCAR ( CASTELLAR )"},"geometry":{"type":"Point","coordinates":[-0.3640559906919856,39.43077087379778]}},{"type":"Feature","properties":{"calle":"CEMENTERIO CABA\u00d1AL. CENTRO 1--SEC.5\u00aa"},"geometry":{"type":"Point","coordinates":[-0.33843299711908675,39.47522353966985]}},{"type":"Feature","properties":{"calle":"CEMENTERIO GENERAL SECC. 16"},"geometry":{"type":"Point","coordinates":[-0.4004510036898786,39.44941329854077]}},{"type":"Feature","properties":{"calle":"CEMENTERIO GENERAL SECC.9"},"geometry":{"type":"Point","coordinates":[-0.3999150098924689,39.44899749642383]}},{"type":"Feature","properties":{"calle":"CEMENTERIO GENERAL SEC. 1 DCHA"},"geometry":{"type":"Point","coordinates":[-0.39787900414621646,39.44769286938448]}},{"type":"Feature","properties":{"calle":"CEMENTERIO GENERAL SEC 3 IZDA"},"geometry":{"type":"Point","coordinates":[-0.3967359956517164,39.44658660744571]}},{"type":"Feature","properties":{"calle":"CEMENTERIO GENERAL SEC 13"},"geometry":{"type":"Point","coordinates":[-0.4003840089757572,39.44592666559824]}},{"type":"Feature","properties":{"calle":"CEMENTERIO GENERAL SEC 13"},"geometry":{"type":"Point","coordinates":[-0.40097400568928254,39.44639968835739]}},{"type":"Feature","properties":{"calle":"CEMENTERIO GENERAL SEC 7 IZDA"},"geometry":{"type":"Point","coordinates":[-0.3994350139460418,39.44610595583552]}},{"type":"Feature","properties":{"calle":"CEMENTERIO GENERAL SEC 20-2"},"geometry":{"type":"Point","coordinates":[-0.3991079919614829,39.44332122766159]}},{"type":"Feature","properties":{"calle":"CEMENTERIO GENERAL SEC 19-49"},"geometry":{"type":"Point","coordinates":[-0.4007219960492466,39.45029067863551]}},{"type":"Feature","properties":{"calle":"CERAMISTA JAIME SCALS"},"geometry":{"type":"Point","coordinates":[-0.3689459850492909,39.45005035231282]}},{"type":"Feature","properties":{"calle":"PASEO MARITIMO 1\u00aa JUNTO MONUMENTO CHANQUETE"},"geometry":{"type":"Point","coordinates":[-0.32463699612438196,39.46839141738095]}},{"type":"Feature","properties":{"calle":"C/ BABOR"},"geometry":{"type":"Point","coordinates":[-0.2971689993213366,39.30788499917728]}},{"type":"Feature","properties":{"calle":"C/ YA\u00d1EZ DE LA ALMEDINA"},"geometry":{"type":"Point","coordinates":[-0.33465599936349083,39.475741999524324]}},{"type":"Feature","properties":{"calle":"PAI LA TORRE BARRAQUES"},"geometry":{"type":"Point","coordinates":[-0.3972220129850418,39.43376541034044]}},{"type":"Feature","properties":{"calle":"EDUARDO SOLER PEREZ ( FRENTE N\u00ba 10 )"},"geometry":{"type":"Point","coordinates":[-0.3992919917619754,39.47689819275874]}},{"type":"Feature","properties":{"calle":"CEMENTERIO CABA\u00d1AL SEC. 5-2"},"geometry":{"type":"Point","coordinates":[-0.3380900034188689,39.47548294000413]}},{"type":"Feature","properties":{"calle":"PASEO MARITIMO 4\u00aa JUNTO RTE CASA ISABEL-EL BOBO"},"geometry":{"type":"Point","coordinates":[-0.3246630123748192,39.48137283260981]}},{"type":"Feature","properties":{"calle":"JARD\u00cdN VIRGEN DE VILCHEZ"},"geometry":{"type":"Point","coordinates":[-0.3387680050849333,39.469131468579654]}},{"type":"Feature","properties":{"calle":"POLIDEPORTIVO SERRERIA"},"geometry":{"type":"Point","coordinates":[-0.3344570097351475,39.46714782606079]}},{"type":"Feature","properties":{"calle":"HOSPITAL / GUILLEM DE CASTRO"},"geometry":{"type":"Point","coordinates":[-0.38333699081008477,39.47065353355186]}},{"type":"Feature","properties":{"calle":"CEMENTERIO GENERAL SEC 3.DCHA"},"geometry":{"type":"Point","coordinates":[-0.39752501227376746,39.44854736317055]}},{"type":"Feature","properties":{"calle":"PL MUSICO MORENO GANS"},"geometry":{"type":"Point","coordinates":[-0.33161689994598403,39.479734998665236]}},{"type":"Feature","properties":{"calle":"MOSEN CUENCA (PINEDO)"},"geometry":{"type":"Point","coordinates":[-0.33798798822160037,39.422374725239514]}},{"type":"Feature","properties":{"calle":"PLAZA JOS\u00c9 SIURANA/ADOR (CASTELLAR)"},"geometry":{"type":"Point","coordinates":[-0.3618620035444662,39.42915725622055]}},{"type":"Feature","properties":{"calle":"C/ FILIPINAS"},"geometry":{"type":"Point","coordinates":[-0.378282000262993,39.45638999942794]}},{"type":"Feature","properties":{"calle":"PADRE MUEDRA, 21"},"geometry":{"type":"Point","coordinates":[-0.3993169959670895,39.48580932477107]}},{"type":"Feature","properties":{"calle":"JARDIN IBIZA"},"geometry":{"type":"Point","coordinates":[-0.3396410048860513,39.460788726248744]}},{"type":"Feature","properties":{"calle":"CL/ LEONES / CAMPOAMOR"},"geometry":{"type":"Point","coordinates":[-0.3464019897888215,39.470855711531826]}},{"type":"Feature","properties":{"calle":"CEMENTERIO GENERAL SEC 8 DCHA"},"geometry":{"type":"Point","coordinates":[-0.3996329902342604,39.44842910665554]}},{"type":"Feature","properties":{"calle":"CEMENTERIO GENERAL SECC.19-20"},"geometry":{"type":"Point","coordinates":[-0.39866199968645916,39.45150756765215]}},{"type":"Feature","properties":{"calle":"CEMENTERIO GENERAL SEC 5-DCHA"},"geometry":{"type":"Point","coordinates":[-0.39743098514136393,39.44935226360497]}},{"type":"Feature","properties":{"calle":"ALMAZORA / CONVENTO CARMELITAS"},"geometry":{"type":"Point","coordinates":[-0.371464014253879,39.48384857057551]}},{"type":"Feature","properties":{"calle":"TRAMO III PTE CAMPANAR PASEO"},"geometry":{"type":"Point","coordinates":[-0.39404600907844495,39.476062773447936]}},{"type":"Feature","properties":{"calle":"BELCHITE"},"geometry":{"type":"Point","coordinates":[-0.37919899831115933,39.48664092915495]}},{"type":"Feature","properties":{"calle":"HERMANOS BEQUER"},"geometry":{"type":"Point","coordinates":[-0.3691389851995182,39.491390226801414]}},{"type":"Feature","properties":{"calle":"AVDA. CONSTITUCIO\u201cN-HNOS. MACHADO"},"geometry":{"type":"Point","coordinates":[-0.3706920145244809,39.49763870165119]}},{"type":"Feature","properties":{"calle":"PARQUE OESTE FUENTE N\u00ba 5"},"geometry":{"type":"Point","coordinates":[-0.39517301356310525,39.465892790929594]}},{"type":"Feature","properties":{"calle":"TORRES TORRES/CARTAGENA (PARQUE SUB-ESTACION)"},"geometry":{"type":"Point","coordinates":[-0.39427301300931145,39.47077560381382]}},{"type":"Feature","properties":{"calle":"PROFESOR BLANCO"},"geometry":{"type":"Point","coordinates":[-0.39900800474564857,39.45826339665458]}},{"type":"Feature","properties":{"calle":"C/ JOSE MARIA MORTES LERMA"},"geometry":{"type":"Point","coordinates":[-0.40153101102297784,39.463184356426]}},{"type":"Feature","properties":{"calle":"JARDIN RACO DE L'HORTA"},"geometry":{"type":"Point","coordinates":[-0.35939299965334054,39.491924285346535]}},{"type":"Feature","properties":{"calle":"PLAZA ENRIQUE GRANADOS 2"},"geometry":{"type":"Point","coordinates":[-0.3943789896491186,39.461750029802666]}},{"type":"Feature","properties":{"calle":"JARDIN PAI  ROS CASARES"},"geometry":{"type":"Point","coordinates":[-0.4131929879060946,39.459602355349105]}},{"type":"Feature","properties":{"calle":"CEMENTERIO GENERAL SECC. 19-17"},"geometry":{"type":"Point","coordinates":[-0.3984580029224474,39.45079040516932]}},{"type":"Feature","properties":{"calle":"JUSTO Y PASTOR, 128 (EDIFICIO ARCO)"},"geometry":{"type":"Point","coordinates":[-0.3399359881270471,39.46712112365228]}},{"type":"Feature","properties":{"calle":"MANUEL CANDELA, 6"},"geometry":{"type":"Point","coordinates":[-0.3510600024639953,39.46606445194841]}},{"type":"Feature","properties":{"calle":"ISLAS CANARIAS (HOTEL ACTEON)"},"geometry":{"type":"Point","coordinates":[-0.3486010132344286,39.463989256827794]}},{"type":"Feature","properties":{"calle":"PLAZA MANISES"},"geometry":{"type":"Point","coordinates":[-0.376302987403422,39.47694778306077]}},{"type":"Feature","properties":{"calle":"ESCULTOR VICENTE BELTRAN GRIMAL (JARD\u00cd\u008dN)"},"geometry":{"type":"Point","coordinates":[-0.3473139995381981,39.463333129005775]}},{"type":"Feature","properties":{"calle":"CAMPOAMOR/ MUSICO GINES"},"geometry":{"type":"Point","coordinates":[-0.34270301374410206,39.46977615288821]}},{"type":"Feature","properties":{"calle":"CEMENTERIO GENERAL SECC. 19-19"},"geometry":{"type":"Point","coordinates":[-0.3985599879695197,39.45097350994512]}},{"type":"Feature","properties":{"calle":"CEMENTERIO GENERAL SECC.19-34"},"geometry":{"type":"Point","coordinates":[-0.39957699228743937,39.450790404393786]}},{"type":"Feature","properties":{"calle":"CEMENTERIO GENERAL SECC. 12"},"geometry":{"type":"Point","coordinates":[-0.4019750059560664,39.448772429447466]}},{"type":"Feature","properties":{"calle":"CEMENTERIO GENERAL SEC. 1 IZDA"},"geometry":{"type":"Point","coordinates":[-0.3967899971948598,39.4470405569079]}},{"type":"Feature","properties":{"calle":"CEMENTERIO GENERAL SECC.19-4"},"geometry":{"type":"Point","coordinates":[-0.3971709894032088,39.45021057056381]}},{"type":"Feature","properties":{"calle":"CEMENTERIO GENERAL. SECC. 19-25"},"geometry":{"type":"Point","coordinates":[-0.3988499937166624,39.45166778497577]}},{"type":"Feature","properties":{"calle":"CEMENTERIO GENERAL SEC. 1 IZDA"},"geometry":{"type":"Point","coordinates":[-0.3984850046031544,39.44717025736897]}},{"type":"Feature","properties":{"calle":"ALBALAT DELS TARONGERS 1\u00aa"},"geometry":{"type":"Point","coordinates":[-0.3502010114505365,39.47838592371059]}},{"type":"Feature","properties":{"calle":"IGLESIA PERELLONET"},"geometry":{"type":"Point","coordinates":[-0.297055005802114,39.30817413302721]}},{"type":"Feature","properties":{"calle":"FDO. CATOLICO (SOLAR JESUITAS) 83"},"geometry":{"type":"Point","coordinates":[-0.3899520035748765,39.4772109980482]}},{"type":"Feature","properties":{"calle":"CARRER DE  LA SAFOR"},"geometry":{"type":"Point","coordinates":[-0.40070500934207504,39.48925018274432]}},{"type":"Feature","properties":{"calle":"CEMENTERIO CABA\u00d1AL SEC. 5-1"},"geometry":{"type":"Point","coordinates":[-0.3382349903315877,39.47567748961072]}},{"type":"Feature","properties":{"calle":"EDUARDO BOSCA 33 / BALEARES"},"geometry":{"type":"Point","coordinates":[-0.3576200001654933,39.464099999302015]}},{"type":"Feature","properties":{"calle":"PARQUE DE BENICALAP PISCINA (DENTRO)"},"geometry":{"type":"Point","coordinates":[-0.3959169983496496,39.49649047789073]}},{"type":"Feature","properties":{"calle":"CEMENTERIO GENERAL SEC 21-1"},"geometry":{"type":"Point","coordinates":[-0.4018079943191579,39.44536208994623]}},{"type":"Feature","properties":{"calle":"PL ROJAS CLEMENTE"},"geometry":{"type":"Point","coordinates":[-0.38501800070680264,39.47298099888119]}},{"type":"Feature","properties":{"calle":"AVDA. DEL PUERTO/MANUEL CANDELA (RTE. LOS BOLOS)"},"geometry":{"type":"Point","coordinates":[-0.351682989598276,39.46548843302171]}},{"type":"Feature","properties":{"calle":"TRAMO III PTE CAMPANAR ESTANQUE"},"geometry":{"type":"Point","coordinates":[-0.39541798872721384,39.47584533636464]}},{"type":"Feature","properties":{"calle":"LAVADERO ( JARD\u00cdN )"},"geometry":{"type":"Point","coordinates":[-0.33416000039543925,39.47020721345621]}},{"type":"Feature","properties":{"calle":"GUILLEM DE ANGLESOLA (JARDIN)"},"geometry":{"type":"Point","coordinates":[-0.34621098646737875,39.464172362695045]}},{"type":"Feature","properties":{"calle":"PADRE TOMAS MONTA\u00d1ANA, 22"},"geometry":{"type":"Point","coordinates":[-0.352070987415984,39.46363449027609]}},{"type":"Feature","properties":{"calle":"PARQUE DE CABECERA N 7-FRENTE CASA JARDINERIA"},"geometry":{"type":"Point","coordinates":[-0.4099799992034825,39.47594833280378]}},{"type":"Feature","properties":{"calle":"VIVEROS ESTANQUE BAR"},"geometry":{"type":"Point","coordinates":[-0.3671250039986669,39.48114395122138]}},{"type":"Feature","properties":{"calle":"VIVEROS PARQUE INFANTIL"},"geometry":{"type":"Point","coordinates":[-0.366836012039705,39.4804153436486]}},{"type":"Feature","properties":{"calle":"J.J. DOMINE JARD\u00cdN"},"geometry":{"type":"Point","coordinates":[-0.33217400337273123,39.46109390187497]}},{"type":"Feature","properties":{"calle":"PASEO MARITIMO/HISTORIADOR COLOMA"},"geometry":{"type":"Point","coordinates":[-0.3245919943466898,39.47031783961998]}},{"type":"Feature","properties":{"calle":"JARDIN RIO TAJO -PISUERGA-AV NARANJOS"},"geometry":{"type":"Point","coordinates":[-0.33073401514424455,39.47607040315019]}},{"type":"Feature","properties":{"calle":"PARQUE BENICALAP CAJA (JUNTO CASCADA)"},"geometry":{"type":"Point","coordinates":[-0.39680698446159673,39.49747085536702]}},{"type":"Feature","properties":{"calle":"PARQUE MARCHALENES 5\u00aa"},"geometry":{"type":"Point","coordinates":[-0.38145399091724197,39.48648071154373]}},{"type":"Feature","properties":{"calle":"PLAZA ESCULTO FRECHINA"},"geometry":{"type":"Point","coordinates":[-0.3895159963560681,39.45098495433642]}},{"type":"Feature","properties":{"calle":"PLAZA ESCULTOR FRECHINA- C/ MARIA DE MOLINA"},"geometry":{"type":"Point","coordinates":[-0.39044898726602967,39.451423644809]}},{"type":"Feature","properties":{"calle":"ANDRES MANCEBO (JARDIN)"},"geometry":{"type":"Point","coordinates":[-0.35573300735585506,39.46431732030477]}},{"type":"Feature","properties":{"calle":"ABEN AL ABBAR (JARDIN)"},"geometry":{"type":"Point","coordinates":[-0.35318699493654243,39.46706771832529]}},{"type":"Feature","properties":{"calle":"BORRIOL / LEONES"},"geometry":{"type":"Point","coordinates":[-0.3472369909018206,39.46820068271451]}},{"type":"Feature","properties":{"calle":"PINTOR MAELLA 1\u00aa BASKET"},"geometry":{"type":"Point","coordinates":[-0.34832501403728133,39.46038818199183]}},{"type":"Feature","properties":{"calle":"PLAZA MUSICO ASENSIO MAGRANER PEREZ"},"geometry":{"type":"Point","coordinates":[-0.34074398931580885,39.46490859926393]}},{"type":"Feature","properties":{"calle":"C/ HIGINIO NOJA (PROFESOR)"},"geometry":{"type":"Point","coordinates":[-0.346875000662053,39.46078299964134]}},{"type":"Feature","properties":{"calle":"JARDIN DE PANACH N\u00ba 2 C/CAMPAMENTO BENIMAMET"},"geometry":{"type":"Point","coordinates":[-0.4234269857401506,39.50175475995058]}},{"type":"Feature","properties":{"calle":"PLAZA DR. LANDETE"},"geometry":{"type":"Point","coordinates":[-0.3718050118990143,39.462997436475504]}},{"type":"Feature","properties":{"calle":"JARD\u00cdN GREGORIO GEA"},"geometry":{"type":"Point","coordinates":[-0.3887409858486788,39.48236846850875]}},{"type":"Feature","properties":{"calle":"TRAMO III PTE ADEMUZ LAGO"},"geometry":{"type":"Point","coordinates":[-0.3910590110832742,39.47784805203812]}},{"type":"Feature","properties":{"calle":"TRAMO III INTERIOR PISTAS ATLETISMO 2\u00aa"},"geometry":{"type":"Point","coordinates":[-0.3936380142214203,39.47647857640608]}},{"type":"Feature","properties":{"calle":"TRAMO IV-V PTE ARTES (MONTICULO) Margen derecha"},"geometry":{"type":"Point","coordinates":[-0.38499200429171293,39.479801177649094]}},{"type":"Feature","properties":{"calle":"VIVEROS MARMOL"},"geometry":{"type":"Point","coordinates":[-0.36761799482588076,39.47919845530549]}},{"type":"Feature","properties":{"calle":"PLAZA TOSSAL DE REI / CONDE LUMIARES"},"geometry":{"type":"Point","coordinates":[-0.37250399654922,39.496036528312175]}},{"type":"Feature","properties":{"calle":"BARIG S/N\u00ba -C/ DEL SAUCE"},"geometry":{"type":"Point","coordinates":[-0.39278900715593906,39.493888854429976]}},{"type":"Feature","properties":{"calle":"PLAZA DE CARPESA"},"geometry":{"type":"Point","coordinates":[-0.378136008286999,39.51703643740459]}},{"type":"Feature","properties":{"calle":"TRES CRUCES / JOSE M. MORTES LERMA"},"geometry":{"type":"Point","coordinates":[-0.40424901243058475,39.46239089902907]}},{"type":"Feature","properties":{"calle":"ECONOMISTA GAY 2"},"geometry":{"type":"Point","coordinates":[-0.3800719968377004,39.48871993948589]}},{"type":"Feature","properties":{"calle":"C/ EMILI LLUCH"},"geometry":{"type":"Point","coordinates":[-0.4020269993176473,39.46221699910991]}},{"type":"Feature","properties":{"calle":"CEMENTERIO CABA\u00d1AL SEC. 5-10"},"geometry":{"type":"Point","coordinates":[-0.3383049971502875,39.474662780500005]}},{"type":"Feature","properties":{"calle":"VICENT TOM\u00c1S I MART\u00cd"},"geometry":{"type":"Point","coordinates":[-0.4057660107441514,39.494220733250174]}},{"type":"Feature","properties":{"calle":"C/ CASTELL\u00d3 DE L'ALBUFERA"},"geometry":{"type":"Point","coordinates":[-0.36585100063437054,39.428189999623235]}},{"type":"Feature","properties":{"calle":"VIVEROS ANTIGUO ZOO"},"geometry":{"type":"Point","coordinates":[-0.3693999935531249,39.480701445589254]}},{"type":"Feature","properties":{"calle":"POLO Y PEYROLON (MERCADONA)"},"geometry":{"type":"Point","coordinates":[-0.35489401103126184,39.47378158516055]}},{"type":"Feature","properties":{"calle":"SAN PANCRACIO"},"geometry":{"type":"Point","coordinates":[-0.38620701483356384,39.48810577260955]}},{"type":"Feature","properties":{"calle":"JARDIN SALA HIPOSTILA (C/ YATOVA)"},"geometry":{"type":"Point","coordinates":[-0.4082199929479954,39.472175596902964]}},{"type":"Feature","properties":{"calle":"CALLE ARCHENA -Frente N 39"},"geometry":{"type":"Point","coordinates":[-0.4091129905604751,39.47193527096839]}},{"type":"Feature","properties":{"calle":"CEMENTERIO GENERAL SEC. 19-23"},"geometry":{"type":"Point","coordinates":[-0.39885801065008925,39.45057678160501]}},{"type":"Feature","properties":{"calle":"CEMENTERIO GENERAL SECC. 7 DCHA"},"geometry":{"type":"Point","coordinates":[-0.3990080057416362,39.44980621208067]}},{"type":"Feature","properties":{"calle":"CEMENTERIO GENERAL SECC. 7 DCHA"},"geometry":{"type":"Point","coordinates":[-0.3996840113068316,39.44958114566641]}},{"type":"Feature","properties":{"calle":"PARQUE BENICALAP COPA"},"geometry":{"type":"Point","coordinates":[-0.3964760007976512,39.49608230504238]}},{"type":"Feature","properties":{"calle":"TRAMO II JUNTO CASA JARDINERIA"},"geometry":{"type":"Point","coordinates":[-0.4028950028837555,39.47480010959844]}},{"type":"Feature","properties":{"calle":"PLAYA ARBRE DEL GOS 1\u00aa"},"geometry":{"type":"Point","coordinates":[-0.33277800614319875,39.40900421078666]}},{"type":"Feature","properties":{"calle":"CEMENTERIO GENERAL SECC.9 (CEMENTERIO NEUTRO )"},"geometry":{"type":"Point","coordinates":[-0.40033599704114076,39.44862365669474]}},{"type":"Feature","properties":{"calle":"CEMENTERIO GENERAL SECC. 12"},"geometry":{"type":"Point","coordinates":[-0.40082699014443757,39.44853210411755]}},{"type":"Feature","properties":{"calle":"JARDIN TRES CRUCES -C/ DE LA SEGONA REPUBLICA"},"geometry":{"type":"Point","coordinates":[-0.40290901010483277,39.45948028486383]}},{"type":"Feature","properties":{"calle":"CEMENTERIO CAMPANAR 2\u00aa"},"geometry":{"type":"Point","coordinates":[-0.4055109912832,39.483661650865]}},{"type":"Feature","properties":{"calle":"CEMENTERIO GENERAL SECC. 19-8"},"geometry":{"type":"Point","coordinates":[-0.39758700061736674,39.44998550275341]}},{"type":"Feature","properties":{"calle":"CEMENTERIO GENERAL SECC 19-13"},"geometry":{"type":"Point","coordinates":[-0.3979830139937923,39.450992584026594]}},{"type":"Feature","properties":{"calle":"CEMENTERIO GENERAL SECC.19-35"},"geometry":{"type":"Point","coordinates":[-0.39957401164156664,39.451286314710075]}},{"type":"Feature","properties":{"calle":"CEMENTERIO GENERAL SEC 3.IZDA"},"geometry":{"type":"Point","coordinates":[-0.39779400879654825,39.448280333868915]}},{"type":"Feature","properties":{"calle":"CEMENTERIO GENERAL SECC.19-45"},"geometry":{"type":"Point","coordinates":[-0.40011298617257435,39.45058441068512]}},{"type":"Feature","properties":{"calle":"CEMENTERIO CABA\u00d1AL SEC. 5-5"},"geometry":{"type":"Point","coordinates":[-0.3389610045140485,39.47497940005155]}},{"type":"Feature","properties":{"calle":"CEMENTERIO GENERAL SECC. 19-40"},"geometry":{"type":"Point","coordinates":[-0.3997310098606785,39.45138931198693]}},{"type":"Feature","properties":{"calle":"PLAZA JOSE MARIA GIMENEZ FAYOS 1\u00aa (PAI)- BENICALAP SUR"},"geometry":{"type":"Point","coordinates":[-0.38546299842090687,39.49623870790868]}},{"type":"Feature","properties":{"calle":"ERMITA DE SANTA ANA (BORBOTO)"},"geometry":{"type":"Point","coordinates":[-0.38703501210467456,39.518409727716616]}},{"type":"Feature","properties":{"calle":"POBLET DE CASTELLAR"},"geometry":{"type":"Point","coordinates":[-0.3693659899433249,39.42795944116041]}},{"type":"Feature","properties":{"calle":"CAMI SABONER"},"geometry":{"type":"Point","coordinates":[-0.3954359991878288,39.43447499922859]}},{"type":"Feature","properties":{"calle":"C/ FILIPINAS"},"geometry":{"type":"Point","coordinates":[-0.3782949996377585,39.45769299901478]}},{"type":"Feature","properties":{"calle":"INTERIOR MERCADO ABASTOS 1\u00aa"},"geometry":{"type":"Point","coordinates":[-0.3876540074362012,39.46718597378693]}},{"type":"Feature","properties":{"calle":"CONVENTO JERUSALEN/JULIO ANTONIO (MARTES NO)"},"geometry":{"type":"Point","coordinates":[-0.37986499082321473,39.46583175536412]}},{"type":"Feature","properties":{"calle":"PLAZA IGLESIA CAMPANAR 15"},"geometry":{"type":"Point","coordinates":[-0.39687699054858483,39.48203658992923]}},{"type":"Feature","properties":{"calle":"INSTITUTO CAMPANAR-DRAGAMINAS ( JARDIN )"},"geometry":{"type":"Point","coordinates":[-0.3972019839306288,39.48086929275157]}},{"type":"Feature","properties":{"calle":"CEMENTERIO GENERAL SECC.19-36"},"geometry":{"type":"Point","coordinates":[-0.39954200472371015,39.451698302237105]}},{"type":"Feature","properties":{"calle":"CEMENTERIO GENERAL SECC.19-41"},"geometry":{"type":"Point","coordinates":[-0.4000090062156161,39.45007324119215]}},{"type":"Feature","properties":{"calle":"CEMENTERIO GENERAL SECC.19-44"},"geometry":{"type":"Point","coordinates":[-0.4001080096782584,39.450290679173314]}},{"type":"Feature","properties":{"calle":"CEMENTERIO GENERAL SEC 5-DCHA"},"geometry":{"type":"Point","coordinates":[-0.3965669868106368,39.449344634428655]}},{"type":"Feature","properties":{"calle":"CEMENTERIO GENERAL SEC 5-DCHA"},"geometry":{"type":"Point","coordinates":[-0.39767000155184096,39.44950866589497]}},{"type":"Feature","properties":{"calle":"CEMENTERIO GENERAL SECC. 7 DCHA"},"geometry":{"type":"Point","coordinates":[-0.39905398958629895,39.4494819629192]}},{"type":"Feature","properties":{"calle":"CEMENTERIO GENERAL SEC. 1 IZDA"},"geometry":{"type":"Point","coordinates":[-0.397401004291449,39.44709396275411]}},{"type":"Feature","properties":{"calle":"CEMENTERIO GENERAL SEC. 1 DCHA"},"geometry":{"type":"Point","coordinates":[-0.3984419990571518,39.44756317099153]}},{"type":"Feature","properties":{"calle":"CEMENTERIO GENERAL SEC. 1 DCHA"},"geometry":{"type":"Point","coordinates":[-0.39903199642232057,39.44772720247415]}},{"type":"Feature","properties":{"calle":"CEMENTERIO GENERAL SEC 10"},"geometry":{"type":"Point","coordinates":[-0.39990699290441406,39.44767379708094]}},{"type":"Feature","properties":{"calle":"CEMENTERIO CABA\u00d1AL SEC. 5-12"},"geometry":{"type":"Point","coordinates":[-0.338140011228715,39.47499084363185]}},{"type":"Feature","properties":{"calle":"PARQUE BENICALAP PETANCA"},"geometry":{"type":"Point","coordinates":[-0.3958539964212012,39.496498106201834]}},{"type":"Feature","properties":{"calle":"CEMENTERIO GENERAL SEC 20-5"},"geometry":{"type":"Point","coordinates":[-0.39972999757650995,39.44306182797602]}},{"type":"Feature","properties":{"calle":"CEMENTERIO GENERAL SEC 20-10"},"geometry":{"type":"Point","coordinates":[-0.39985001002117065,39.4436912530082]}},{"type":"Feature","properties":{"calle":"CEMENTERIO MASARROCHOS 2"},"geometry":{"type":"Point","coordinates":[-0.40728500515524346,39.54386138821092]}},{"type":"Feature","properties":{"calle":"PLAZA SALVADOR ALLENDE"},"geometry":{"type":"Point","coordinates":[-0.3742940120768909,39.494998930791816]}},{"type":"Feature","properties":{"calle":"C/ CONDE LUMIARES / FALCONS"},"geometry":{"type":"Point","coordinates":[-0.37278500145604615,39.49472427281233]}},{"type":"Feature","properties":{"calle":"CEMENTERIO BENIMAMET, 3"},"geometry":{"type":"Point","coordinates":[-0.42391601150691743,39.506820677836856]}},{"type":"Feature","properties":{"calle":"CEMENTERIO DEL PALMAR 2\u00aa"},"geometry":{"type":"Point","coordinates":[-0.31801098603621464,39.3217544545897]}},{"type":"Feature","properties":{"calle":"CEMENTERIO GENERAL SECC.19-33"},"geometry":{"type":"Point","coordinates":[-0.39957401134730774,39.45029830834186]}},{"type":"Feature","properties":{"calle":"CEMENTERIO GENERAL SECC.19-43"},"geometry":{"type":"Point","coordinates":[-0.39997899470614146,39.45107269230087]}},{"type":"Feature","properties":{"calle":"C/ FILIPINAS"},"geometry":{"type":"Point","coordinates":[-0.37801100029662693,39.45826499956806]}},{"type":"Feature","properties":{"calle":"C/ FILIPINAS"},"geometry":{"type":"Point","coordinates":[-0.3792280000639504,39.45803499983518]}},{"type":"Feature","properties":{"calle":"PL DIPUTAT LLUIS LUCIA"},"geometry":{"type":"Point","coordinates":[-0.39522901159251583,39.479728697623734]}},{"type":"Feature","properties":{"calle":"LUIS BU\u00d1UEL- GENERAL AVILES"},"geometry":{"type":"Point","coordinates":[-0.4029380071043704,39.48220825177319]}},{"type":"Feature","properties":{"calle":"RIOLA/AVDA. TAMARINDOS (PARQUE)"},"geometry":{"type":"Point","coordinates":[-0.40244698554222214,39.47975921525974]}},{"type":"Feature","properties":{"calle":"AVDA. ECUADOR FRENTE \u201aN\u00ba 95 (JARDIN)- BENICALAP NORTE"},"geometry":{"type":"Point","coordinates":[-0.3923720122156639,39.49640655408531]}},{"type":"Feature","properties":{"calle":"PARQUE MARCHALENES 3\u00aa ( CASA JARDINERIA COLUMPIOS )"},"geometry":{"type":"Point","coordinates":[-0.38258799917476993,39.487621306230636]}},{"type":"Feature","properties":{"calle":"PARQUE MARCHALENES 4\u00aa ( JUNTO ESTANQUE )"},"geometry":{"type":"Point","coordinates":[-0.3835679884954772,39.48789214992302]}},{"type":"Feature","properties":{"calle":"C/ EMILI LLUCH"},"geometry":{"type":"Point","coordinates":[-0.4020369998314904,39.46241699915257]}},{"type":"Feature","properties":{"calle":"ARCHIDUQUE CARLOS / JOSE M. MORTES LERMA"},"geometry":{"type":"Point","coordinates":[-0.39787098745793414,39.46279144214074]}},{"type":"Feature","properties":{"calle":"PLAZA ENRIQUE GRANADOS 1"},"geometry":{"type":"Point","coordinates":[-0.39522200790918,39.46154403515308]}},{"type":"Feature","properties":{"calle":"Jos\u00e9 Maria Mortes lerma /Virgen de la Cabeza"},"geometry":{"type":"Point","coordinates":[-0.3983350095308689,39.4629478450086]}},{"type":"Feature","properties":{"calle":"CEMENTERIO MASARROCHOS 3\u00aa"},"geometry":{"type":"Point","coordinates":[-0.4070949854237446,39.543262480000564]}},{"type":"Feature","properties":{"calle":"CEMENTERIO GENERAL SEC 11"},"geometry":{"type":"Point","coordinates":[-0.4000680144650488,39.44782638484487]}},{"type":"Feature","properties":{"calle":"CEMENTERIO GENERAL SEC 6 IZDA"},"geometry":{"type":"Point","coordinates":[-0.3969509898991943,39.44598007171773]}},{"type":"Feature","properties":{"calle":"CEMENTERIO GENERAL SEC 10-CUADRO 1"},"geometry":{"type":"Point","coordinates":[-0.39940199207787236,39.44777297912406]}},{"type":"Feature","properties":{"calle":"CEMENTERIO GENERAL SEC 10"},"geometry":{"type":"Point","coordinates":[-0.39928999546401106,39.447418211569556]}},{"type":"Feature","properties":{"calle":"JACOMAR (FRENTE N\u00ba 7-9)"},"geometry":{"type":"Point","coordinates":[-0.37557598983911966,39.497005461868405]}},{"type":"Feature","properties":{"calle":"TORREFIEL -CECILIO PLA"},"geometry":{"type":"Point","coordinates":[-0.3775170149578346,39.49865722569555]}},{"type":"Feature","properties":{"calle":"AV TRES CRUCES- C/ TORRENTE ( JARDIN )"},"geometry":{"type":"Point","coordinates":[-0.4033960110544762,39.461330413498835]}},{"type":"Feature","properties":{"calle":"AVDA. ECUADOR PASEO JARDIN FINAL IZDA- BENICALAP NORTE"},"geometry":{"type":"Point","coordinates":[-0.38868701381355514,39.4994659415064]}},{"type":"Feature","properties":{"calle":"CAMINO DE MONCADA (POBLE NOU)"},"geometry":{"type":"Point","coordinates":[-0.3840079900832889,39.50606155335051]}},{"type":"Feature","properties":{"calle":"AV.JOSE ROCA COLL-C/LA VALL D,UIXO"},"geometry":{"type":"Point","coordinates":[-0.39788201385139516,39.458091735276575]}},{"type":"Feature","properties":{"calle":"MARIANO DE CAVIA-NICOLAU DE PRIMITIU"},"geometry":{"type":"Point","coordinates":[-0.4011729950157084,39.45383453357068]}},{"type":"Feature","properties":{"calle":"VICENTE CLAVEL-AV. JOSE ROCA COLL"},"geometry":{"type":"Point","coordinates":[-0.398898005544912,39.460407256331465]}},{"type":"Feature","properties":{"calle":"BORRASCA 2\u00aa"},"geometry":{"type":"Point","coordinates":[-0.39899200127619605,39.455463409248246]}},{"type":"Feature","properties":{"calle":"SALABERT-MARQUES D\u00b4ELX"},"geometry":{"type":"Point","coordinates":[-0.39370998727757156,39.46235656616469]}},{"type":"Feature","properties":{"calle":"PLAZA BENIMARFULL"},"geometry":{"type":"Point","coordinates":[-0.40094101474347077,39.45860671881447]}},{"type":"Feature","properties":{"calle":"REPUBLICA COSTA DE MARFIL / 1\u00ba DE MAYO"},"geometry":{"type":"Point","coordinates":[-0.3873139918801308,39.448959349574444]}},{"type":"Feature","properties":{"calle":"JARDIN HUERTO SENABRE (PL. SANTIAGO MARTI"},"geometry":{"type":"Point","coordinates":[-0.3881309621172795,39.45212554878958]}},{"type":"Feature","properties":{"calle":"JARDIN GENERAL BARROSO"},"geometry":{"type":"Point","coordinates":[-0.3910419936722324,39.45280074916012]}},{"type":"Feature","properties":{"calle":"CARTEROS / COSTA Y BORRAS"},"geometry":{"type":"Point","coordinates":[-0.38777598753213705,39.45424270555684]}},{"type":"Feature","properties":{"calle":"SAN PIO IX PARQUE RAMBLETA FTE. N\u00ba 17- 1\u00aa"},"geometry":{"type":"Point","coordinates":[-0.3931609986577565,39.445762633726595]}},{"type":"Feature","properties":{"calle":"CIUDAD DEL APRENDIZ-CAMI REAL"},"geometry":{"type":"Point","coordinates":[-0.3902899912578496,39.440696715292724]}},{"type":"Feature","properties":{"calle":"NICASIO BENLLOCH - GARBI"},"geometry":{"type":"Point","coordinates":[-0.39634200840098593,39.49161148037968]}},{"type":"Feature","properties":{"calle":"CASAL DEL ESPLAI (SALER)"},"geometry":{"type":"Point","coordinates":[-0.30768200667668916,39.334934234037576]}},{"type":"Feature","properties":{"calle":"PASEO MAR\u00cdTIMO DE PINEDO/PLAYA DE PINEDO CRUZ"},"geometry":{"type":"Point","coordinates":[-0.33420100770908334,39.42182159394584]}},{"type":"Feature","properties":{"calle":"DR. LOPEZ IBOR (1)"},"geometry":{"type":"Point","coordinates":[-0.40073400627869576,39.47655105477597]}},{"type":"Feature","properties":{"calle":"DR. LOPEZ IBOR (2)"},"geometry":{"type":"Point","coordinates":[-0.40000900521218447,39.47668075559967]}},{"type":"Feature","properties":{"calle":"CEMENTERIO GENERAL SEC 8 DCHA"},"geometry":{"type":"Point","coordinates":[-0.39940199240170055,39.44873428265938]}},{"type":"Feature","properties":{"calle":"CEMENTERIO GENERAL SEC 20-4"},"geometry":{"type":"Point","coordinates":[-0.39978998885303996,39.44282913146786]}},{"type":"Feature","properties":{"calle":"CEMENTERIO GENERAL SECC.19-31"},"geometry":{"type":"Point","coordinates":[-0.3994289940217902,39.45058059572297]}},{"type":"Feature","properties":{"calle":"CEMENTERIO GENERAL SECC.19-37"},"geometry":{"type":"Point","coordinates":[-0.3997080019543973,39.44998168906229]}},{"type":"Feature","properties":{"calle":"ALAMEDA- MU\u00d1OZ SECA"},"geometry":{"type":"Point","coordinates":[-0.36268800470600554,39.47240447920339]}},{"type":"Feature","properties":{"calle":"JOSE MAESTRE / LLOMBAY"},"geometry":{"type":"Point","coordinates":[-0.4043700093712888,39.465347288746514]}},{"type":"Feature","properties":{"calle":"PLAZA DE JESUS"},"geometry":{"type":"Point","coordinates":[-0.3888430001932375,39.46007537747054]}},{"type":"Feature","properties":{"calle":"TRAMA I CASA DE AGUA 2"},"geometry":{"type":"Point","coordinates":[-0.4036639931275689,39.47433471598137]}},{"type":"Feature","properties":{"calle":"CEMENTERIO CAMPANAR  6\u00aa"},"geometry":{"type":"Point","coordinates":[-0.4060130124473517,39.48375701808074]}},{"type":"Feature","properties":{"calle":"CAMINO BELLREGUART / ALACREUS (CASTELLAR)"},"geometry":{"type":"Point","coordinates":[-0.36451899973548446,39.433616636758615]}},{"type":"Feature","properties":{"calle":"JARDIN PINTOR ISMAEL BLAT FRENTE N. 25"},"geometry":{"type":"Point","coordinates":[-0.39046499062792217,39.43200683445297]}},{"type":"Feature","properties":{"calle":"PARQUE OESTE FUENTE 8"},"geometry":{"type":"Point","coordinates":[-0.39471700779722235,39.46543121252115]}},{"type":"Feature","properties":{"calle":"PLAZA MIGUEL ADLERT NOGUEROL ( PARQUE NUEVO )"},"geometry":{"type":"Point","coordinates":[-0.41237300548698214,39.46763229313565]}},{"type":"Feature","properties":{"calle":"INGENIERO JOSE SIRERA 24"},"geometry":{"type":"Point","coordinates":[-0.3916620008928951,39.44690322761619]}},{"type":"Feature","properties":{"calle":"RONDA DE RONDA DE NAZARET  ( FRENTE N\u00ba 25- 1\u00aa )"},"geometry":{"type":"Point","coordinates":[-0.3355790081089037,39.45152282638083]}},{"type":"Feature","properties":{"calle":"CEMENTERIO GENERAL SECC.19-29"},"geometry":{"type":"Point","coordinates":[-0.39912098524038847,39.45143127347979]}},{"type":"Feature","properties":{"calle":"CEMENTERIO GENERAL SECC. 7 DCHA"},"geometry":{"type":"Point","coordinates":[-0.39909699591416636,39.449192046502496]}},{"type":"Feature","properties":{"calle":"INGENIERO FAUSTO ELIO-PZA PINTOR VILLAR CORELLA (JARD\u00cdN 1\u00aa"},"geometry":{"type":"Point","coordinates":[-0.3319309952024589,39.48164367656394]}},{"type":"Feature","properties":{"calle":"TRAMO VII PONT DE FUSTA (FUTBOL)"},"geometry":{"type":"Point","coordinates":[-0.3739730005939493,39.47994899940308]}},{"type":"Feature","properties":{"calle":"MIRAMBELL / MARIANO ALBESA (JARDIN)"},"geometry":{"type":"Point","coordinates":[-0.34353598905415633,39.46539306471144]}},{"type":"Feature","properties":{"calle":"PINTOR NICOLAU (JARDIN)"},"geometry":{"type":"Point","coordinates":[-0.34874299163311384,39.466346740237064]}},{"type":"Feature","properties":{"calle":"MUSICO HIPOLITO MARTINEZ, 16 (JARDIN ESPAI VERT)"},"geometry":{"type":"Point","coordinates":[-0.3534870150079967,39.483139037413416]}},{"type":"Feature","properties":{"calle":"C/ SILLA"},"geometry":{"type":"Point","coordinates":[-0.42001999999022854,39.49948999938695]}},{"type":"Feature","properties":{"calle":"PASEO MARITIMO DEL SALER 1\u00aa-DERECHA-BIS"},"geometry":{"type":"Point","coordinates":[-0.3234960134134444,39.37843322623634]}},{"type":"Feature","properties":{"calle":"MUSICO MAESTRO RODRIGO 97"},"geometry":{"type":"Point","coordinates":[-0.40277099551925133,39.48431777960557]}},{"type":"Feature","properties":{"calle":"PLAZA SEGOVIA 11"},"geometry":{"type":"Point","coordinates":[-0.3911019865930058,39.448570250040305]}},{"type":"Feature","properties":{"calle":"AVDA. MANUEL COLOMER MARCO"},"geometry":{"type":"Point","coordinates":[-0.3904600135723301,39.43889617880517]}},{"type":"Feature","properties":{"calle":"SAN VICENTE MARTIR, 342 (CREU CUBIERTA)"},"geometry":{"type":"Point","coordinates":[-0.38590800706693257,39.447944640379426]}},{"type":"Feature","properties":{"calle":"BULEVAR SUR - SAN VICENTE MARTIR"},"geometry":{"type":"Point","coordinates":[-0.3869050144690966,39.446262359134096]}},{"type":"Feature","properties":{"calle":"CEMENTERIO GENERAL SECC.19-38"},"geometry":{"type":"Point","coordinates":[-0.3997049932795538,39.450462340524126]}},{"type":"Feature","properties":{"calle":"CEMENTERIO GENERAL SEC 5-IZDA"},"geometry":{"type":"Point","coordinates":[-0.3992089928750632,39.446823118958584]}},{"type":"Feature","properties":{"calle":"PLAYA SALER JUNTO LAGO-FTE RETIRADA-NO EXISTE"},"geometry":{"type":"Point","coordinates":[-1.462788782018645e-10,0]}},{"type":"Feature","properties":{"calle":"CEMENTERIO DEL GRAO 1"},"geometry":{"type":"Point","coordinates":[-0.3402970129851085,39.455406187873265]}},{"type":"Feature","properties":{"calle":"CEMENTERIO GENERAL, SECC 19-24"},"geometry":{"type":"Point","coordinates":[-0.39885300458228157,39.45108413552316]}},{"type":"Feature","properties":{"calle":"C/ HORT D'EN CENDRA"},"geometry":{"type":"Point","coordinates":[-0.38177800010799234,39.479230999580814]}},{"type":"Feature","properties":{"calle":"PLAYA EL SALER (JUNTO LAGO)FTE RETIRADA-NO EXISTE"},"geometry":{"type":"Point","coordinates":[-1.462788782018645e-10,0]}},{"type":"Feature","properties":{"calle":"JARDIN MOTILLA DEL PALANCAR"},"geometry":{"type":"Point","coordinates":[-0.36910998809605794,39.48980331280829]}},{"type":"Feature","properties":{"calle":"L'ALCUDIA DE CRESPINS FRENTE N\u00ba7 / AV.  CONSTITUCION"},"geometry":{"type":"Point","coordinates":[-0.37366500497240096,39.493480680871606]}},{"type":"Feature","properties":{"calle":"HISTORIADOR CHABRET ( frente n\u00ba6  )"},"geometry":{"type":"Point","coordinates":[-0.36945998753446535,39.49314880294084]}},{"type":"Feature","properties":{"calle":"CASAS ADOSADAS CARPESA"},"geometry":{"type":"Point","coordinates":[-0.3797439930686345,39.516914367179034]}},{"type":"Feature","properties":{"calle":"PLAZA DOCTOR XIMENO (BENIMAMET)"},"geometry":{"type":"Point","coordinates":[-0.4186060125158112,39.49750137335868]}},{"type":"Feature","properties":{"calle":"AVDA. JUAN XXIII ENTRE 31-33 (PARQUE)"},"geometry":{"type":"Point","coordinates":[-0.38371101072987324,39.49279785074247]}},{"type":"Feature","properties":{"calle":"CAUCE RIO TRAMO XIV FRENTE MUSEO PRINCIPE FELIPE 3\u00ba"},"geometry":{"type":"Point","coordinates":[-0.35190299051514756,39.45794677693072]}},{"type":"Feature","properties":{"calle":"PARQUE JUNTO ESTCI\u00d3N LAS CAROLINAS"},"geometry":{"type":"Point","coordinates":[-0.42528000448360137,39.49875259291678]}},{"type":"Feature","properties":{"calle":"AVENIDA  DE LA ESTACION ( FRENTE N\u00ba 29 )"},"geometry":{"type":"Point","coordinates":[-0.42183399122816545,39.50098037570911]}},{"type":"Feature","properties":{"calle":"JARDINES DE LA GLORIETA"},"geometry":{"type":"Point","coordinates":[-0.36885899362061214,39.47247695903695]}},{"type":"Feature","properties":{"calle":"AV AUSIAS MARCH"},"geometry":{"type":"Point","coordinates":[-0.37611699965838863,39.456114999526235]}},{"type":"Feature","properties":{"calle":"MERCADO DEL GRAO 1\u00ba"},"geometry":{"type":"Point","coordinates":[-0.3349939883527972,39.46138763320046]}},{"type":"Feature","properties":{"calle":"PAI LA TORRE ( JUNTO AL PALMERAL )"},"geometry":{"type":"Point","coordinates":[-0.3954060077203695,39.432643889913116]}},{"type":"Feature","properties":{"calle":"JARDIN GRABADOR ENGUIDANOS 43-VALL DE LA BALLESTERA"},"geometry":{"type":"Point","coordinates":[-0.39672800764961685,39.479980468408]}},{"type":"Feature","properties":{"calle":"CAUCE RIO TRAMO XIV FRENTE MUSEO PRINCIPE"},"geometry":{"type":"Point","coordinates":[-0.3487530058285546,39.45635604784405]}},{"type":"Feature","properties":{"calle":"PARKING EXPLORADOR ANDRES 2\u00aa-FTE N\u00ba 31"},"geometry":{"type":"Point","coordinates":[-0.345643996700743,39.471527098917655]}},{"type":"Feature","properties":{"calle":"CAMINO DE MONTANARES (PINEDO)"},"geometry":{"type":"Point","coordinates":[-0.33544000959059395,39.41557311910454]}},{"type":"Feature","properties":{"calle":"TREMOLAR"},"geometry":{"type":"Point","coordinates":[-0.3538089993433997,39.42202758695148]}},{"type":"Feature","properties":{"calle":"PLAYA ARBRE DEL GOS 2\u00aa ( JUNTO CRUZ ROJA )"},"geometry":{"type":"Point","coordinates":[-0.3322179905227201,39.40649032509547]}},{"type":"Feature","properties":{"calle":"PLAZA IGLESIA CAMPANAR 3"},"geometry":{"type":"Point","coordinates":[-0.3973599968160156,39.48241424418691]}},{"type":"Feature","properties":{"calle":"CAUCE RIO TRAMO XIV FRENTE MUSEO PRINCIPE FELIPE 2\u00ba"},"geometry":{"type":"Point","coordinates":[-0.3496110138002266,39.45647430353849]}},{"type":"Feature","properties":{"calle":"CAUCE RIO TRAMO XV-MARGEN IZQUIERDA ( FRENTE DELFINARIO )"},"geometry":{"type":"Point","coordinates":[-0.34466299474973766,39.454151152465606]}},{"type":"Feature","properties":{"calle":"TRAMO II JUNTO CAMPO DE FUTLBOL (CENTRO)"},"geometry":{"type":"Point","coordinates":[-0.3989279869033134,39.47514343171486]}},{"type":"Feature","properties":{"calle":"POUET (BARRIO POUET-)CASONA HONDO"},"geometry":{"type":"Point","coordinates":[-0.40633699263807255,39.4788856503658]}},{"type":"Feature","properties":{"calle":"ESCULTOR GARCIA MAS 3"},"geometry":{"type":"Point","coordinates":[-0.3983469905318547,39.48576354847488]}},{"type":"Feature","properties":{"calle":"PASEO ALAMEDA (CASILICIO-RIO)"},"geometry":{"type":"Point","coordinates":[-0.36691001028980313,39.47593688848493]}},{"type":"Feature","properties":{"calle":"PASEO ALAMEDA (PALACETE PERGOLA)"},"geometry":{"type":"Point","coordinates":[-0.36559799249100233,39.47429656868963]}},{"type":"Feature","properties":{"calle":"CEMENTERIO GENERAL SECC. 19-27"},"geometry":{"type":"Point","coordinates":[-0.3989810043253755,39.45079803391359]}},{"type":"Feature","properties":{"calle":"BLASCO IBA\u00d1EZ (FRENTE HOSPITAL CLINICO)"},"geometry":{"type":"Point","coordinates":[-0.3631170091619574,39.47870254475993]}},{"type":"Feature","properties":{"calle":"SANTA ROSA-Plaza del athlete Jose Andres el Roget"},"geometry":{"type":"Point","coordinates":[-0.3589330022394277,39.46841049077204]}},{"type":"Feature","properties":{"calle":"FRANCO TORMO FRENTE N\u00ba 9-JUNTO PARQUE ANTIGUO MANICOMIO"},"geometry":{"type":"Point","coordinates":[-0.3906899977255131,39.45846938994877]}},{"type":"Feature","properties":{"calle":"CEMENTERIO GENERAL SEC.19-12"},"geometry":{"type":"Point","coordinates":[-0.3978630012140002,39.450801848250904]}},{"type":"Feature","properties":{"calle":"CEMENTERIO GENERAL SEC 5-DCHA"},"geometry":{"type":"Point","coordinates":[-0.39772298863703015,39.44911956713118]}},{"type":"Feature","properties":{"calle":"MOSEN RAUSELL 3"},"geometry":{"type":"Point","coordinates":[-0.3985910117686643,39.483093261635666]}},{"type":"Feature","properties":{"calle":"POLO Y PEYROLON / BLASCO IBA\u00d1EZ 64"},"geometry":{"type":"Point","coordinates":[-0.35438999456620035,39.47549819922285]}},{"type":"Feature","properties":{"calle":"CEMENTERIO GENERAL SECC. 19-10"},"geometry":{"type":"Point","coordinates":[-0.3977020074314224,39.45059204017325]}},{"type":"Feature","properties":{"calle":"PLAZA DE ROMA"},"geometry":{"type":"Point","coordinates":[-0.3986079995096433,39.47113418435575]}},{"type":"Feature","properties":{"calle":"PLAZA DE MAGUNCIA"},"geometry":{"type":"Point","coordinates":[-0.4010090001086466,39.465444998551796]}},{"type":"Feature","properties":{"calle":"PARQUE OESTE FUENTE 7 ( retirada el 21-05-16 )"},"geometry":{"type":"Point","coordinates":[-0.3957889967552629,39.4660644520992]}},{"type":"Feature","properties":{"calle":"CEMENTERIO CABA\u00d1AL SEC. 5-3"},"geometry":{"type":"Point","coordinates":[-0.33807998894668295,39.47536849873093]}},{"type":"Feature","properties":{"calle":"TRAMO X-XI PTE ANGEL CUSTODIO"},"geometry":{"type":"Point","coordinates":[-0.3610279860684487,39.464118956353836]}},{"type":"Feature","properties":{"calle":"TRAMO X-XI TRAMO PUENTE CALATRAVA/PLAZA AMERICA"},"geometry":{"type":"Point","coordinates":[-0.3661110108348324,39.47199249267156]}},{"type":"Feature","properties":{"calle":"CEMENTERIO CABA\u00d1AL SEC. 5-8"},"geometry":{"type":"Point","coordinates":[-0.3387970038889248,39.47449493357588]}},{"type":"Feature","properties":{"calle":"PARQUE MARCHALENES 1\u00aa ( JUNTO OLIVERA )"},"geometry":{"type":"Point","coordinates":[-0.38126298671793585,39.48661422707562]}},{"type":"Feature","properties":{"calle":"VELODROMO LUIS PUIG, 1"},"geometry":{"type":"Point","coordinates":[-0.4263570006154089,39.50088119423393]}},{"type":"Feature","properties":{"calle":"SAN PIO IX PARQUE RAMBLETA--RETIRADA EL 24-01-2014"},"geometry":{"type":"Point","coordinates":[-0.39279899012652547,39.44657516347463]}},{"type":"Feature","properties":{"calle":"TRAMO III PTE CAMPANAR ESTANQUE"},"geometry":{"type":"Point","coordinates":[-0.39576899883194777,39.47631835801836]}},{"type":"Feature","properties":{"calle":"TRAMO XIV FRENTE REINA SOFIA"},"geometry":{"type":"Point","coordinates":[-0.3559060095553977,39.460014342407675]}},{"type":"Feature","properties":{"calle":"PLAZA ALQUERIA DELS BALCONS-SALVADOR PERLES"},"geometry":{"type":"Point","coordinates":[-0.3930110029706089,39.44344711252784]}},{"type":"Feature","properties":{"calle":"CEMENTERIO GENERAL SEC 3.DCHA"},"geometry":{"type":"Point","coordinates":[-0.3977560106186738,39.4489517201925]}},{"type":"Feature","properties":{"calle":"MANUEL SIMO (POLIDEPORTIVO PATRAIX)"},"geometry":{"type":"Point","coordinates":[-0.3923310035833905,39.46062087867862]}},{"type":"Feature","properties":{"calle":"SAN PIO X- TOMAS SALA ( FRENTE INGENIERO JOSE SIRERA N\u00ba 21"},"geometry":{"type":"Point","coordinates":[-0.38852500837445436,39.446010589168324]}},{"type":"Feature","properties":{"calle":"VELODROMO LUIS PUCH, 2"},"geometry":{"type":"Point","coordinates":[-0.42658498822365637,39.50120162865302]}},{"type":"Feature","properties":{"calle":"JARDINES CUEVAS CAMALES (BENIMAMET)"},"geometry":{"type":"Point","coordinates":[-0.416691005366732,39.5021705615172]}},{"type":"Feature","properties":{"calle":"AVDA. DE LOS PINARES, FRENTE 16 (SALER)"},"geometry":{"type":"Point","coordinates":[-0.33206000857749,39.38274383495202]}},{"type":"Feature","properties":{"calle":"PLAZA MANUEL GRANERO 1"},"geometry":{"type":"Point","coordinates":[-0.37627398899892367,39.45852661111331]}},{"type":"Feature","properties":{"calle":"C/ FILIPINAS"},"geometry":{"type":"Point","coordinates":[-0.3785959997225312,39.45855099998869]}},{"type":"Feature","properties":{"calle":"HORTICULTOR CORSET 1"},"geometry":{"type":"Point","coordinates":[-0.39288100611307963,39.47255706684049]}},{"type":"Feature","properties":{"calle":"PINTOR VILA PRADES"},"geometry":{"type":"Point","coordinates":[-0.38985601058391944,39.47008514295188]}},{"type":"Feature","properties":{"calle":"JARDIN DE POLIFILO 3"},"geometry":{"type":"Point","coordinates":[-0.4044820070140228,39.49157714749115]}},{"type":"Feature","properties":{"calle":"EDUARDO SOLER PEREZ/VALLE BALLESTERA"},"geometry":{"type":"Point","coordinates":[-0.40029698586485296,39.477867125257376]}},{"type":"Feature","properties":{"calle":"MINIATURISTA MESEGUER JUNTO MESAS DE PICNIC"},"geometry":{"type":"Point","coordinates":[-0.4168170085690027,39.50195693883289]}},{"type":"Feature","properties":{"calle":"PASEO MARITIMO SALER DERECHA 1"},"geometry":{"type":"Point","coordinates":[-0.3235119869101029,39.37846755901729]}},{"type":"Feature","properties":{"calle":"ALBALAT DELS TARONGERS, 3\u00aa"},"geometry":{"type":"Point","coordinates":[-1.462788782018645e-10,0]}},{"type":"Feature","properties":{"calle":"CAMI DELS REDOLINS (PALMAR)"},"geometry":{"type":"Point","coordinates":[-0.318340986989228,39.30686950603036]}},{"type":"Feature","properties":{"calle":"LAGO ARTIFICIAL DEL SALER 3"},"geometry":{"type":"Point","coordinates":[-0.3167020082595975,39.34868621764081]}},{"type":"Feature","properties":{"calle":"PINADA SALER ENTRADA PASEO DCHA."},"geometry":{"type":"Point","coordinates":[-0.32719498928288143,39.380535125387674]}},{"type":"Feature","properties":{"calle":"FONT DE L'ALBUFERA"},"geometry":{"type":"Point","coordinates":[-0.3341279923013979,39.38287734979059]}},{"type":"Feature","properties":{"calle":"VIRGEN DE LA CABEZA-LA VALL D,UIXO"},"geometry":{"type":"Point","coordinates":[-0.3964250087967573,39.45893859828191]}},{"type":"Feature","properties":{"calle":"C/LA VALL D,UIXO-PLAZA RAFAEL GOMEZ"},"geometry":{"type":"Point","coordinates":[-0.39750298926369315,39.459369658801215]}},{"type":"Feature","properties":{"calle":"SAN PIO IX PARQUE RAMBLETA FTE. N\u00ba 17- 2\u00aa"},"geometry":{"type":"Point","coordinates":[-0.39317700320640137,39.44576263322309]}},{"type":"Feature","properties":{"calle":"BULEVAR SUR-CARTEROS"},"geometry":{"type":"Point","coordinates":[-0.39021301176647655,39.44771575828318]}},{"type":"Feature","properties":{"calle":"BULEVAR SUR - GASPAR AGUILAR 2"},"geometry":{"type":"Point","coordinates":[-0.3952479958368439,39.44975662064248]}},{"type":"Feature","properties":{"calle":"PLAZA MIGUEL CATAL\u00c1 GOMIS"},"geometry":{"type":"Point","coordinates":[-0.38963898925215057,39.443199156494224]}},{"type":"Feature","properties":{"calle":"SORIA/BULEVAR SUR"},"geometry":{"type":"Point","coordinates":[-0.38779398775632123,39.446002959413015]}},{"type":"Feature","properties":{"calle":"CEMENTERIO GENERAL, SECC. 19-21"},"geometry":{"type":"Point","coordinates":[-0.39870199464766054,39.44998550370213]}},{"type":"Feature","properties":{"calle":"CEMENTERIO GENERAL SEC 5-DCHA"},"geometry":{"type":"Point","coordinates":[-0.3979780073560447,39.449367522787476]}},{"type":"Feature","properties":{"calle":"CEMENTERIO GENERAL SECC. 16"},"geometry":{"type":"Point","coordinates":[-0.4005500074633709,39.44978713982817]}},{"type":"Feature","properties":{"calle":"JARDINES CASTILLO JERICA (LA TORRE)"},"geometry":{"type":"Point","coordinates":[-0.39320099300907696,39.43534088109483]}},{"type":"Feature","properties":{"calle":"PASEO MARITIMO SALER IZQUIERDA 1"},"geometry":{"type":"Point","coordinates":[-0.3263500031104196,39.38404083255544]}},{"type":"Feature","properties":{"calle":"PARQUE DE CABECERA N 4-JUNTO BARCO"},"geometry":{"type":"Point","coordinates":[-0.40903198657893214,39.47926711951074]}},{"type":"Feature","properties":{"calle":"CEMENTERIO GENERAL SECC.19-15"},"geometry":{"type":"Point","coordinates":[-0.398304998007704,39.45058822524355]}},{"type":"Feature","properties":{"calle":"CEMENTERIO GENERAL SECC. 19-46"},"geometry":{"type":"Point","coordinates":[-0.4004060025630795,39.45043182334072]}},{"type":"Feature","properties":{"calle":"CEMENTERIO GENERAL SEC 5-DCHA"},"geometry":{"type":"Point","coordinates":[-0.397922009289886,39.44974517788024]}},{"type":"Feature","properties":{"calle":"CEMENTERIO GENERAL SEC 5-DCHA"},"geometry":{"type":"Point","coordinates":[-0.39821100134087656,39.44949340769519]}},{"type":"Feature","properties":{"calle":"CEMENTERIO GENERAL SEC 18"},"geometry":{"type":"Point","coordinates":[-0.3975679869832707,39.44412231311216]}},{"type":"Feature","properties":{"calle":"CEMENTERIO GENERAL SEC 18"},"geometry":{"type":"Point","coordinates":[-0.3973850012278723,39.4448928822559]}},{"type":"Feature","properties":{"calle":"TRAMO II CENTRO"},"geometry":{"type":"Point","coordinates":[-0.40047699135979825,39.474784850895695]}},{"type":"Feature","properties":{"calle":"TRAMO III PTE ADEMUZ RAMPA"},"geometry":{"type":"Point","coordinates":[-0.3918960097808114,39.47810745135533]}},{"type":"Feature","properties":{"calle":"TRAMO IV-V COLUMPIOS"},"geometry":{"type":"Point","coordinates":[-0.38813000824831495,39.479263304242686]}},{"type":"Feature","properties":{"calle":"BORRASCA 1\u00aa-FTE RETIRADA-NO EXISTE"},"geometry":{"type":"Point","coordinates":[-1.462788782018645e-10,0]}},{"type":"Feature","properties":{"calle":"JARDIN MAXIMILIANO THOUS"},"geometry":{"type":"Point","coordinates":[-0.37123701058732367,39.48676299986928]}},{"type":"Feature","properties":{"calle":"GENERAL AVILES 35"},"geometry":{"type":"Point","coordinates":[-0.3948020039139953,39.48610687141799]}},{"type":"Feature","properties":{"calle":"PARQUE BENICALAP 1"},"geometry":{"type":"Point","coordinates":[-0.39742198470899126,39.49707794039553]}},{"type":"Feature","properties":{"calle":"CALLE MESTRE (BORBOTO\u201c)"},"geometry":{"type":"Point","coordinates":[-0.3899149901560861,39.514167784424075]}},{"type":"Feature","properties":{"calle":"MARVA / ALBACETE"},"geometry":{"type":"Point","coordinates":[-0.3837809864333103,39.464153288273906]}},{"type":"Feature","properties":{"calle":"TRAMO II PUENTE CAMPANAR (COLUMPIOS)"},"geometry":{"type":"Point","coordinates":[-0.39725300589166956,39.47536468383512]}},{"type":"Feature","properties":{"calle":"DOLORES MARQUES / AVDA. VALLADOLID"},"geometry":{"type":"Point","coordinates":[-0.3619270034453635,39.48988342254454]}},{"type":"Feature","properties":{"calle":"JESUS / SALAS QUIROGA"},"geometry":{"type":"Point","coordinates":[-0.3849290019414144,39.464759825603075]}},{"type":"Feature","properties":{"calle":"PLAZA PINTOR SEGRELLES"},"geometry":{"type":"Point","coordinates":[-0.38569000335352166,39.46400451572328]}},{"type":"Feature","properties":{"calle":"PLAZA DE VANNES"},"geometry":{"type":"Point","coordinates":[-0.3828200103111911,39.46837615882066]}},{"type":"Feature","properties":{"calle":"SAN VICENTE MARTIR 129"},"geometry":{"type":"Point","coordinates":[-0.38195198671726466,39.463298797043656]}},{"type":"Feature","properties":{"calle":"CEMENTERIO CABA\u00d1AL SEC. 5-11"},"geometry":{"type":"Point","coordinates":[-0.3382570151304746,39.474765777427855]}},{"type":"Feature","properties":{"calle":"APARCAMIENTO TRES FORQUES / CALLE CHIVA"},"geometry":{"type":"Point","coordinates":[-0.39053601092554074,39.46455764698225]}},{"type":"Feature","properties":{"calle":"AV. VALLADOLID ( FRENTE GASOLINERA )"},"geometry":{"type":"Point","coordinates":[-0.3610169879418673,39.48907089238077]}},{"type":"Feature","properties":{"calle":"CEMENTERIO GENERAL SEC 18"},"geometry":{"type":"Point","coordinates":[-0.3979269861856792,39.44520187315248]}},{"type":"Feature","properties":{"calle":"CAMINO DE TREMOLAR / DOCTOR RUIZ Y COMES"},"geometry":{"type":"Point","coordinates":[-0.3623969848783847,39.42392730619277]}},{"type":"Feature","properties":{"calle":"BOLIVIA-FTE RETIRADA-NO EXISTE"},"geometry":{"type":"Point","coordinates":[-1.462788782018645e-10,0]}},{"type":"Feature","properties":{"calle":"JARDIN BENIDOLEIG (LA TORRE)"},"geometry":{"type":"Point","coordinates":[-0.3937300144968457,39.43456268165879]}},{"type":"Feature","properties":{"calle":"CEMENTERIO GENERAL SEC 20-6"},"geometry":{"type":"Point","coordinates":[-0.4006499948169335,39.443378447719915]}},{"type":"Feature","properties":{"calle":"CEMENTERIO GENERAL SECC. 19-14"},"geometry":{"type":"Point","coordinates":[-0.39829298843727856,39.45008850024273]}},{"type":"Feature","properties":{"calle":"RIO BIDASOA TERESA OLLER BENLLOCH"},"geometry":{"type":"Point","coordinates":[-0.379954010185266,39.49781799212772]}},{"type":"Feature","properties":{"calle":"SAN VICENTE / MAESTRO SOSA"},"geometry":{"type":"Point","coordinates":[-0.3830049924916302,39.460651397680614]}},{"type":"Feature","properties":{"calle":"TRAMO III ATLETISMO PASEO"},"geometry":{"type":"Point","coordinates":[-0.3947919900725115,39.47705841011707]}},{"type":"Feature","properties":{"calle":"TRAMO III INTERIOR PISTA ATLETISMO 1\u00aa"},"geometry":{"type":"Point","coordinates":[-0.3941769898643578,39.477188109756305]}},{"type":"Feature","properties":{"calle":"JARDIN PARKING PALAU 1"},"geometry":{"type":"Point","coordinates":[-0.40076398861545964,39.49779128902866]}},{"type":"Feature","properties":{"calle":"JARDIN PARKING PALAU 2"},"geometry":{"type":"Point","coordinates":[-0.40118300884071506,39.497924804030546]}},{"type":"Feature","properties":{"calle":"PAI CAMINO DE MONCADA 1\u00aa--RIO NERVION N\u00ba 3"},"geometry":{"type":"Point","coordinates":[-0.38140499598688943,39.49626922516873]}},{"type":"Feature","properties":{"calle":"JARDIN TAVERNES BLANQUES"},"geometry":{"type":"Point","coordinates":[-0.3634330026512592,39.50315856832183]}},{"type":"Feature","properties":{"calle":"BONO I BARBER ( ESCRITOR )-JOSE\u2030 GROLLO"},"geometry":{"type":"Point","coordinates":[-0.39419999711236403,39.49444961524713]}},{"type":"Feature","properties":{"calle":"POETA SERRANO CLAVERO-C/DEL PERIODISTA GIL SUMBIELA"},"geometry":{"type":"Point","coordinates":[-0.38911199531400387,39.49249267514856]}},{"type":"Feature","properties":{"calle":"POLIDEPORTIVO SALER (OFICINA) FTE RETIRADA,NO EXISTE"},"geometry":{"type":"Point","coordinates":[-0.3283180001008391,39.39003372175617]}},{"type":"Feature","properties":{"calle":"FONT DE BONET (CASTELLAR)"},"geometry":{"type":"Point","coordinates":[-0.36486598783234525,39.426277160698696]}},{"type":"Feature","properties":{"calle":"PLAZA SANTA MONICA"},"geometry":{"type":"Point","coordinates":[-0.3746759892178612,39.48177719035451]}},{"type":"Feature","properties":{"calle":"CEMENTERIO CABA\u00d1AL, SEC. 3-3\u00aa"},"geometry":{"type":"Point","coordinates":[-0.33812299324370165,39.47614669729307]}},{"type":"Feature","properties":{"calle":"TRAMO X-XI PTE ARAGON PUENTE DEL MAR"},"geometry":{"type":"Point","coordinates":[-0.36256900465360886,39.47002410822672]}},{"type":"Feature","properties":{"calle":"PAI CAMINO DE MONCADA 2\u00aa-AL LADO DOS ALQUERIAS"},"geometry":{"type":"Point","coordinates":[-0.38263300043607307,39.49387741095559]}},{"type":"Feature","properties":{"calle":"AVDA. LAS CORTES 1 (JUNTO PALACIO DE CONGRESOS)"},"geometry":{"type":"Point","coordinates":[-0.4030219911285947,39.496448515144785]}},{"type":"Feature","properties":{"calle":"CAMINO DEL TREMOLAR 163"},"geometry":{"type":"Point","coordinates":[-0.3455930066392288,39.42137527399685]}},{"type":"Feature","properties":{"calle":"TRAMO X-XI PTE MAR / PTE ARAGON"},"geometry":{"type":"Point","coordinates":[-0.3642820125140844,39.469509123805736]}},{"type":"Feature","properties":{"calle":"C/ FILIPINAS"},"geometry":{"type":"Point","coordinates":[-0.37811900039208174,39.456669999209566]}},{"type":"Feature","properties":{"calle":"INTERIOR MERCADO ABASTOS 2\u00ba"},"geometry":{"type":"Point","coordinates":[-0.3877399872993086,39.46822738512509]}},{"type":"Feature","properties":{"calle":"TURIA / SANCHIS BERGON"},"geometry":{"type":"Point","coordinates":[-0.38536199946618527,39.47835159223164]}},{"type":"Feature","properties":{"calle":"FERNANDO EL CATOLICO 28"},"geometry":{"type":"Point","coordinates":[-0.38601899161578035,39.471706389554654]}},{"type":"Feature","properties":{"calle":"MARQUES DE SAN JUAN 1\u00aa"},"geometry":{"type":"Point","coordinates":[-0.3976359969918709,39.478202818484874]}},{"type":"Feature","properties":{"calle":"TRAMO VI ZONA BEISBOL"},"geometry":{"type":"Point","coordinates":[-0.3768280145412879,39.482105254794575]}},{"type":"Feature","properties":{"calle":"C/ PALANCIA"},"geometry":{"type":"Point","coordinates":[-0.35325899992279697,39.477758998865745]}},{"type":"Feature","properties":{"calle":"CEMENTERIO CAMPANAR 4"},"geometry":{"type":"Point","coordinates":[-0.40503099484303035,39.48401260273129]}},{"type":"Feature","properties":{"calle":"VILLAR DEL ARZOBISPO-CARMEN FERRES"},"geometry":{"type":"Point","coordinates":[-0.3989520065896885,39.483581542050175]}},{"type":"Feature","properties":{"calle":"NICASIO BENLLOCH 29"},"geometry":{"type":"Point","coordinates":[-0.39264601400954374,39.48899841213375]}},{"type":"Feature","properties":{"calle":"MIRADOR DE LA ALBUFERA"},"geometry":{"type":"Point","coordinates":[-0.32327100573568845,39.34863662644362]}},{"type":"Feature","properties":{"calle":"PARQUE ORRIOLS"},"geometry":{"type":"Point","coordinates":[-0.365565985157672,39.49423217698661]}},{"type":"Feature","properties":{"calle":"PLAZA IGLESIA HORNO ALCEDO"},"geometry":{"type":"Point","coordinates":[-0.3769559847987415,39.43242263692344]}},{"type":"Feature","properties":{"calle":"C/ REMIGIO SOLER TOMAS (PINTOR)"},"geometry":{"type":"Point","coordinates":[-0.39410100094142997,39.4367799988179]}},{"type":"Feature","properties":{"calle":"NORTE / DOCTOR ZAMENHOF"},"geometry":{"type":"Point","coordinates":[-0.39117598550203775,39.4758262626002]}},{"type":"Feature","properties":{"calle":"C/ GREGORI GEA"},"geometry":{"type":"Point","coordinates":[-0.38656000090528986,39.482599998636935]}},{"type":"Feature","properties":{"calle":"PLAZA DE COVADONGA"},"geometry":{"type":"Point","coordinates":[-0.3783909973157869,39.48657226480784]}},{"type":"Feature","properties":{"calle":"PLAZA PROFESOR TIERNO GALVAN"},"geometry":{"type":"Point","coordinates":[-0.3713169990351936,39.488845824185695]}},{"type":"Feature","properties":{"calle":"RONDA DE NAZARET  (FRENTE N\u00ba 25- JUNTO COLUMPIOS- 2\u00aa )"},"geometry":{"type":"Point","coordinates":[-0.3366129997272053,39.45163726777128]}},{"type":"Feature","properties":{"calle":"CEMENTERIO GENERAL SECC.19-42"},"geometry":{"type":"Point","coordinates":[-0.4000029865115404,39.45078658978992]}},{"type":"Feature","properties":{"calle":"PASEO MARITIMO SALER IZQUIERDA 2"},"geometry":{"type":"Point","coordinates":[-0.32617300783327435,39.385341643065736]}},{"type":"Feature","properties":{"calle":"CEMENTERIO GENERAL SEC 3.DCHA"},"geometry":{"type":"Point","coordinates":[-0.3964450056127854,39.44852447403725]}},{"type":"Feature","properties":{"calle":"CEMENTERIO GENERAL SEC 3.DCHA"},"geometry":{"type":"Point","coordinates":[-0.3968580065761908,39.44820022497644]}},{"type":"Feature","properties":{"calle":"CEMENTERIO GENERAL SECC. 12"},"geometry":{"type":"Point","coordinates":[-0.4019240130977732,39.44913864025339]}},{"type":"Feature","properties":{"calle":"PLAZA LUIS MARTI ALEGRE"},"geometry":{"type":"Point","coordinates":[-0.39181798613522856,39.49888610752131]}},{"type":"Feature","properties":{"calle":"PASEO MARITIMO SALER (FTE. CASA FORESTAL)"},"geometry":{"type":"Point","coordinates":[-0.32606500372493613,39.38059234597341]}},{"type":"Feature","properties":{"calle":"FERNANDO EL CATOLICO 54"},"geometry":{"type":"Point","coordinates":[-0.38696798572049246,39.47305297727875]}},{"type":"Feature","properties":{"calle":"FDO. CATOLICO / GABRIEL MIRO"},"geometry":{"type":"Point","coordinates":[-0.3875820048991105,39.47322082382882]}},{"type":"Feature","properties":{"calle":"JARDIN MEDICO TARAZONA"},"geometry":{"type":"Point","coordinates":[-0.4006150063378456,39.485183715064565]}},{"type":"Feature","properties":{"calle":"CEMENTERIO GENERAL SEC 14"},"geometry":{"type":"Point","coordinates":[-0.4018380049168481,39.44807815418975]}},{"type":"Feature","properties":{"calle":"CEMENTERIO GENERAL SECC. 19-2"},"geometry":{"type":"Point","coordinates":[-0.39675000310112335,39.45014953496356]}},{"type":"Feature","properties":{"calle":"ESTEBAN DOLZ DE CASTELLAR"},"geometry":{"type":"Point","coordinates":[-0.36762800809884977,39.494693755435044]}},{"type":"Feature","properties":{"calle":"AVDA. SAN JOSE ARTESANO 24"},"geometry":{"type":"Point","coordinates":[-0.3930709967899924,39.49894332803088]}},{"type":"Feature","properties":{"calle":"TRAMO IX ENTRE PUENTE EXPOSICIO Y PUENTE LAS FLORES"},"geometry":{"type":"Point","coordinates":[-0.3653860094961065,39.472225188777514]}},{"type":"Feature","properties":{"calle":"AVDA. BURJASSOT 229"},"geometry":{"type":"Point","coordinates":[-0.3953109974990719,39.49412536555815]}},{"type":"Feature","properties":{"calle":"AVDA. ECUADOR ROTONDA (JARDIN CENTRO)- BENICALAP NORTE"},"geometry":{"type":"Point","coordinates":[-0.3901939985797334,39.49736022857999]}},{"type":"Feature","properties":{"calle":"CASTELLONET-ALFARA DEL PATRIARCA"},"geometry":{"type":"Point","coordinates":[-0.3854039898119087,39.492584227874474]}},{"type":"Feature","properties":{"calle":"RICARDO MIC\u00d3"},"geometry":{"type":"Point","coordinates":[-0.38767701352698836,39.48244476198243]}},{"type":"Feature","properties":{"calle":"CEMENTERIO GENERAL SECC.19-3"},"geometry":{"type":"Point","coordinates":[-0.39683601289550047,39.449974059075814]}},{"type":"Feature","properties":{"calle":"CEMENTERIO GENERAL SECC. 16"},"geometry":{"type":"Point","coordinates":[-0.4006200139495604,39.449626921758885]}},{"type":"Feature","properties":{"calle":"CEMENTERIO GENERAL SECC. 16"},"geometry":{"type":"Point","coordinates":[-0.4018729927741078,39.44972228999903]}},{"type":"Feature","properties":{"calle":"AVDA. BLASCO IBA\u00d1EZ, 172"},"geometry":{"type":"Point","coordinates":[-0.3394460081024941,39.47148513726551]}},{"type":"Feature","properties":{"calle":"VIVEROS -PINTOR GENARO LA HUERTA"},"geometry":{"type":"Point","coordinates":[-0.3683919903994026,39.48251724210359]}},{"type":"Feature","properties":{"calle":"PARQUE DE CABECERA N 3-BAJO PUENTE BIOPARC ( DERECHA )"},"geometry":{"type":"Point","coordinates":[-0.4085919851653084,39.477813719573305]}},{"type":"Feature","properties":{"calle":"PARQUE DE CABECERA N 8-ENTRADA MISLATA"},"geometry":{"type":"Point","coordinates":[-0.4079520099538558,39.474628446910295]}},{"type":"Feature","properties":{"calle":"CEMENTERIO BENIMAMET, 4-2"},"geometry":{"type":"Point","coordinates":[-0.4237329957534834,39.50621795598233]}},{"type":"Feature","properties":{"calle":"CEMENTERIO CABA\u00d1AL SEC. 5-4"},"geometry":{"type":"Point","coordinates":[-0.3388299935582173,39.47528076102675]}},{"type":"Feature","properties":{"calle":"CEMENTERIO BENIMAMET, 1"},"geometry":{"type":"Point","coordinates":[-0.42338299728081,39.506149291504826]}},{"type":"Feature","properties":{"calle":"CEMENTERIO GENERAL SEC 3.DCHA"},"geometry":{"type":"Point","coordinates":[-0.396786988113951,39.448875426220454]}},{"type":"Feature","properties":{"calle":"PLATANOS / ECUADOR (JARDIN FRENTE 6)"},"geometry":{"type":"Point","coordinates":[-0.3884069923162665,39.49287795953277]}},{"type":"Feature","properties":{"calle":"CEMENTERIO GENERAL SEC. 1 DCHA"},"geometry":{"type":"Point","coordinates":[-0.39669099521219897,39.44763183469524]}},{"type":"Feature","properties":{"calle":"DIPUTADO LUIS LUCIA 1"},"geometry":{"type":"Point","coordinates":[-0.39524200555451466,39.47974014179604]}},{"type":"Feature","properties":{"calle":"PARQUE DE CABECERA N 2-BAJADA DESDE CAMARA GAS"},"geometry":{"type":"Point","coordinates":[-0.4078890089423986,39.47648620560674]}},{"type":"Feature","properties":{"calle":"ALBORAYA-POETA BODRIA"},"geometry":{"type":"Point","coordinates":[-0.37124699283793594,39.48092269824335]}},{"type":"Feature","properties":{"calle":"PERIODISTA LLORENTE"},"geometry":{"type":"Point","coordinates":[-0.3842160110106257,39.4878425592802]}},{"type":"Feature","properties":{"calle":"AVDA. MARCONI 2\u00aa FASE"},"geometry":{"type":"Point","coordinates":[-0.41452500239508533,39.46825790343465]}},{"type":"Feature","properties":{"calle":"TRAMO X-XI PTE ARAGON/PALAU MUSICA"},"geometry":{"type":"Point","coordinates":[-0.3615050005548499,39.468242644664905]}},{"type":"Feature","properties":{"calle":"TRAMO IV-V RAMPA PECHINA (EXPLANADA)"},"geometry":{"type":"Point","coordinates":[-0.3873749966750804,39.47881317060425]}},{"type":"Feature","properties":{"calle":"AVDA. LAS CORTES 2 (JUNTO PALACIO DE CONGRESOS)"},"geometry":{"type":"Point","coordinates":[-0.4022760083122088,39.49726867598825]}},{"type":"Feature","properties":{"calle":"CEMENTERIO CABA\u00d1AL SEC. 3-4\u00aa"},"geometry":{"type":"Point","coordinates":[-0.3380239907555968,39.47649764933857]}},{"type":"Feature","properties":{"calle":"CEMENTERIO GENERAL SEC 18"},"geometry":{"type":"Point","coordinates":[-0.39802899974506467,39.44441985915204]}},{"type":"Feature","properties":{"calle":"CEMENTERIO GENERAL SEC 18"},"geometry":{"type":"Point","coordinates":[-0.39969199923161775,39.44532012836586]}},{"type":"Feature","properties":{"calle":"CEMENTERIO GENERAL SEC 20-7"},"geometry":{"type":"Point","coordinates":[-0.4004999983047767,39.44359970041514]}},{"type":"Feature","properties":{"calle":"TRAMO II CASA DE AGUA (PASEO)"},"geometry":{"type":"Point","coordinates":[-0.402038992245467,39.47384643519022]}},{"type":"Feature","properties":{"calle":"CEMENTERIO GENERAL SEC 20-11"},"geometry":{"type":"Point","coordinates":[-0.3995999990344127,39.443870543439346]}},{"type":"Feature","properties":{"calle":"CEMENTERIO GENERAL SEC 20-12"},"geometry":{"type":"Point","coordinates":[-0.398880005237847,39.44361114449971]}},{"type":"Feature","properties":{"calle":"CEMENTERIO GENERAL SEC 20-9"},"geometry":{"type":"Point","coordinates":[-0.4003689887848988,39.44395065294074]}},{"type":"Feature","properties":{"calle":"PLAZA DEL PILAR"},"geometry":{"type":"Point","coordinates":[-0.382833987836083,39.47142028812331]}},{"type":"Feature","properties":{"calle":"PARQUE DE CABECERA N 6-BAJO PTE BIOPARC-ZOO(LADO IZQUIERDO"},"geometry":{"type":"Point","coordinates":[-0.4090259963351239,39.47790145780612]}},{"type":"Feature","properties":{"calle":"JARDIN MARIANO DE CAVIA 2"},"geometry":{"type":"Point","coordinates":[-0.4051890067930609,39.452732085758]}},{"type":"Feature","properties":{"calle":"CEMENTERIO GENERAL SECC.19-39"},"geometry":{"type":"Point","coordinates":[-0.39971598985476603,39.45096969491937]}},{"type":"Feature","properties":{"calle":"LEBON / AVDA. BALEARES (JARDIN)1 FRENTE C/ FUENCALIENTE"},"geometry":{"type":"Point","coordinates":[-0.3515920038985873,39.4628295885921]}},{"type":"Feature","properties":{"calle":"PLAZA SAN FELIPE NERI (MERCADO)"},"geometry":{"type":"Point","coordinates":[-0.3538199959053939,39.469966887057225]}},{"type":"Feature","properties":{"calle":"FRANCISCO DE A. BOSCH ARI\u00d1O (CATEDRATIC)"},"geometry":{"type":"Point","coordinates":[-0.35106500933248136,39.46424484176423]}},{"type":"Feature","properties":{"calle":"ECONOMISTA GAY 1"},"geometry":{"type":"Point","coordinates":[-0.37861499208858457,39.48905181807259]}},{"type":"Feature","properties":{"calle":"BILBAO-FILOLOGO SANELO ( FRENTE N 9 )"},"geometry":{"type":"Point","coordinates":[-0.3737199898148601,39.485740660786206]}},{"type":"Feature","properties":{"calle":"AVDA. SUECIA/AMADEO DE SABOYA"},"geometry":{"type":"Point","coordinates":[-0.3596560064928804,39.47336196807246]}},{"type":"Feature","properties":{"calle":"TRAMO II CAMPO FUTBOL CENTRO"},"geometry":{"type":"Point","coordinates":[-0.39854699413174527,39.47516631987747]}},{"type":"Feature","properties":{"calle":"C/ BENEFICENCIA"},"geometry":{"type":"Point","coordinates":[-0.382336000378981,39.47941199906512]}},{"type":"Feature","properties":{"calle":"OBISPO LAGUARDA"},"geometry":{"type":"Point","coordinates":[-0.37929001459737566,39.494529724185725]}},{"type":"Feature","properties":{"calle":"ENTRADA CASA DANIEL (POBLE NOU)"},"geometry":{"type":"Point","coordinates":[-0.38570299738726876,39.5068397515303]}},{"type":"Feature","properties":{"calle":"MARQUES DE SAN JUAN 2\u00aa"},"geometry":{"type":"Point","coordinates":[-0.396025001815357,39.47854232647865]}},{"type":"Feature","properties":{"calle":"CEMENTERIO CAMPANAR 5"},"geometry":{"type":"Point","coordinates":[-0.40544900205607354,39.483978270959994]}},{"type":"Feature","properties":{"calle":"CEMENTERIO GENERAL SECC.19-6"},"geometry":{"type":"Point","coordinates":[-0.397269994779161,39.45050048801705]}},{"type":"Feature","properties":{"calle":"PARQUE DE CABECERA N 5- JUNTO CASCADA"},"geometry":{"type":"Point","coordinates":[-0.4102889902324645,39.481243132479904]}},{"type":"Feature","properties":{"calle":"ALQUERIA BENLLOCH"},"geometry":{"type":"Point","coordinates":[-0.39706099093625435,39.461856841814694]}},{"type":"Feature","properties":{"calle":"CEMENTERIO CAMPANAR 3\u00aa"},"geometry":{"type":"Point","coordinates":[-0.40501800146562933,39.48353958013374]}},{"type":"Feature","properties":{"calle":"CEMENTERIO GENERAL SECC. 19-48"},"geometry":{"type":"Point","coordinates":[-0.40057501182847643,39.45008468589169]}},{"type":"Feature","properties":{"calle":"CEMENTERIO GENERAL, SEC. 19-51"},"geometry":{"type":"Point","coordinates":[-0.40102800761782653,39.45038604637104]}},{"type":"Feature","properties":{"calle":"TRAMO XIV FRENTE L'HEMISFERIC"},"geometry":{"type":"Point","coordinates":[-0.3527350123768538,39.458812712939014]}},{"type":"Feature","properties":{"calle":"CEMENTERIO GENERAL SEC. 1 DCHA"},"geometry":{"type":"Point","coordinates":[-0.39779001458426255,39.44809341342112]}},{"type":"Feature","properties":{"calle":"TRAMO VII CAMPO FUTBOL (PONT DE FUSTA)"},"geometry":{"type":"Point","coordinates":[-0.37375700009590046,39.47985299858056]}},{"type":"Feature","properties":{"calle":"CEMENTERIO GENERAL SEC 3 IZDA-CUADRO 4 ( ANTES 120 )"},"geometry":{"type":"Point","coordinates":[-0.3977960057692684,39.4463958738082]}},{"type":"Feature","properties":{"calle":"CEMENTERIO CAMPANAR 1\u00ba"},"geometry":{"type":"Point","coordinates":[-0.40551000832400563,39.48331832796559]}},{"type":"Feature","properties":{"calle":"CAMINO DE MONCADA 291 (POBLE NOU)"},"geometry":{"type":"Point","coordinates":[-0.3849770132144116,39.508720397762794]}},{"type":"Feature","properties":{"calle":"CEMENTERIO GENERAL SEC. 19-26"},"geometry":{"type":"Point","coordinates":[-0.39900299955135093,39.45030212302299]}},{"type":"Feature","properties":{"calle":"AV. BURJASSOT 28"},"geometry":{"type":"Point","coordinates":[-0.38327699852894803,39.48382949788119]}},{"type":"Feature","properties":{"calle":"TRAMO X-XI PTE ANGEL CUSTODIO"},"geometry":{"type":"Point","coordinates":[-0.35929799043833865,39.4641227707655]}},{"type":"Feature","properties":{"calle":"PARQUE DE MARCHALENES 7\u00aa ( PISTA DE TENIS )"},"geometry":{"type":"Point","coordinates":[-0.380499988458383,39.48755645628802]}},{"type":"Feature","properties":{"calle":"AVDA. CID, 124"},"geometry":{"type":"Point","coordinates":[-0.4061839877337125,39.47037887517421]}},{"type":"Feature","properties":{"calle":"AVDA. MARCONI 1\u00aa FASE"},"geometry":{"type":"Point","coordinates":[-0.4139829872464411,39.468723296677545]}},{"type":"Feature","properties":{"calle":"TRES CRUCES N\u00ba 31/ HOSPITAL GENERAL"},"geometry":{"type":"Point","coordinates":[-0.40601098530898827,39.46691894420988]}},{"type":"Feature","properties":{"calle":"REI ALFONS EL BENIGNE"},"geometry":{"type":"Point","coordinates":[-0.4071030026717594,39.46407699516687]}},{"type":"Feature","properties":{"calle":"TRAMO XII MINIGOLF"},"geometry":{"type":"Point","coordinates":[-0.35835900878918703,39.461177824535795]}},{"type":"Feature","properties":{"calle":"CAMPAMENTO, 77 (BENIMAMET)"},"geometry":{"type":"Point","coordinates":[-0.4261290132653719,39.49999618419954]}},{"type":"Feature","properties":{"calle":"JARDIN DE POLIFILO 1"},"geometry":{"type":"Point","coordinates":[-0.4039590047705428,39.492206572085166]}},{"type":"Feature","properties":{"calle":"AVENIDA PIO XII,JARDIN PARQUE HOYOS"},"geometry":{"type":"Point","coordinates":[-0.39535498602347774,39.48359298625665]}},{"type":"Feature","properties":{"calle":"DOCTOR MACHI"},"geometry":{"type":"Point","coordinates":[-0.3852469915514772,39.486194609817]}},{"type":"Feature","properties":{"calle":"ARQUITECTOS CALVO / ISLAS CANARIAS"},"geometry":{"type":"Point","coordinates":[-0.3584449887687846,39.4671783441529]}},{"type":"Feature","properties":{"calle":"AVDA. ARAG\u00d3N / ERNESTO FERRER"},"geometry":{"type":"Point","coordinates":[-0.3565079860862951,39.47229766761352]}},{"type":"Feature","properties":{"calle":"JARDIN MARIANO DE CAVIA 1"},"geometry":{"type":"Point","coordinates":[-0.40453198505615034,39.45300674405713]}},{"type":"Feature","properties":{"calle":"IGLESIA SAN ISIDRO"},"geometry":{"type":"Point","coordinates":[-0.40703600640119325,39.45335388133926]}},{"type":"Feature","properties":{"calle":"JARDIN JACINTO LABAILA"},"geometry":{"type":"Point","coordinates":[-0.3926829994298273,39.45771407964368]}},{"type":"Feature","properties":{"calle":"DOCTOR BERENGUER FERRER"},"geometry":{"type":"Point","coordinates":[-0.40821701295743873,39.4663085928884]}},{"type":"Feature","properties":{"calle":"MERCADO DE CASTILLA"},"geometry":{"type":"Point","coordinates":[-0.40342599151253733,39.465335844784164]}},{"type":"Feature","properties":{"calle":"PARQUE OESTE FUENTE N 1"},"geometry":{"type":"Point","coordinates":[-0.3967280088984429,39.467136381849826]}},{"type":"Feature","properties":{"calle":"CEMENTERIO GENERAL SEC 11"},"geometry":{"type":"Point","coordinates":[-0.401041000788453,39.447895049076806]}},{"type":"Feature","properties":{"calle":"CEMENTERIO GENERAL SEC 3 IZDA"},"geometry":{"type":"Point","coordinates":[-0.39859500429726025,39.44674682566715]}},{"type":"Feature","properties":{"calle":"CEMENTERIO GENERAL SEC 8-IZDA"},"geometry":{"type":"Point","coordinates":[-0.39994698783706684,39.446838377830446]}},{"type":"Feature","properties":{"calle":"CEMENTERIO GENERAL SEC 20-3"},"geometry":{"type":"Point","coordinates":[-0.3993329998330307,39.4434318542926]}},{"type":"Feature","properties":{"calle":"CEMENTERIO MASARROCHOS 1"},"geometry":{"type":"Point","coordinates":[-0.4071649904468547,39.54357910025561]}},{"type":"Feature","properties":{"calle":"TRAMO III ATLETISMO LAGO CENTRO"},"geometry":{"type":"Point","coordinates":[-0.3919970089331369,39.477695465129365]}},{"type":"Feature","properties":{"calle":"TRAMO I CASA AGUA 1"},"geometry":{"type":"Point","coordinates":[-0.4042420084963123,39.47382354602969]}},{"type":"Feature","properties":{"calle":"TRAMO VII PTE REAL"},"geometry":{"type":"Point","coordinates":[-0.3696820129742807,39.47640609680909]}},{"type":"Feature","properties":{"calle":"TRAMO II PUENTE CAMPANAR (ACEQUIA TETERA)"},"geometry":{"type":"Point","coordinates":[-0.39694100648822955,39.47515106109405]}},{"type":"Feature","properties":{"calle":"EMILIO BARO FRENTE, 68 (DETRAS DE GASOLINERA)"},"geometry":{"type":"Point","coordinates":[-0.3606399892211474,39.489917753747335]}},{"type":"Feature","properties":{"calle":"ALFAHUIR FRENTE N\u00ba34"},"geometry":{"type":"Point","coordinates":[-0.36505800498964736,39.4899864193314]}},{"type":"Feature","properties":{"calle":"CEMENTERIO GENERAL SEC 20-13"},"geometry":{"type":"Point","coordinates":[-0.3987840119940401,39.44345855640441]}}]}